:1000000000000320D101000029250000E1240000A8
:10001000E1240000E1240000E1240000E1240000CC
:10002000E1240000E1240000E12400002925000073
:1000300029250000E1240000313F00003540000088
:100040002925000029250000292500002925000078
:100050002925000029250000292500002925000068
:100060002925000029250000292500002925000058
:100070002925000029250000292500002925000048
:100080002925000029250000292500002925000038
:100090002925000029250000292500002925000028
:1000A000A9220000B5220000292500002925000012
:1000B00029250000292500002925000061460000AF
:1000C000292500008D47000029250000B9480000BF
:1000D00029250000B149000029250000292500003C
:1000E00029250000292500002925000029250000D8
:1000F00029250000292500002925000029250000C8
:1001000029250000292500002925000029250000B7
:10011000292500007D2A000029250000292500004E
:100120002925000029250000292500002925000097
:100130002925000029250000292500002925000087
:10014000E53C000029250000A94A000029250000FF
:100150002925000029250000292500002925000067
:100160002925000029250000C122000029250000C2
:100170002925000029250000292500002925000047
:100180002925000029250000292500002925000037
:100190002925000029250000A14B00002925000089
:1001A0002925000029250000292500002925000017
:1001B0002925000029250000292500002925000007
:1001C00029250000292500002925000029250000F7
:1001D0005C4B4CF2205210B51A804DF628121A8052
:1001E00000BF00BF02F0A4F9574B4FF030621A6015
:1001F000564A9A60564ADA60564B4FF470021A60BB
:10020000554B564A1A60564A136813F4807304D14A
:1002100054490B604FF4A8531360534B1A781107DD
:1002200003D51A7842F008021A70504B5049AA229E
:100230001A70504A504B8B4204D252F8040F43F8C4
:10024000040BF8E74D4B4E4900228B4202D243F893
:10025000042BFAE74B494C4A002352F8230041F89B
:1002600023000133742BF8D1484B494A802103F80D
:10027000011B9342FBD1474B424A1A60464B8A22EC
:100280001A70A3F5805324225A70A0221A709A790A
:100290009207FCD59A79D406FCD4404A937903F0AE
:1002A0000C03082BFAD13E4B60221A7002331A78E5
:1002B000802AFCD1394B01221A715D225A719A7938
:1002C0009006FCD59979354A4906FBD5354B364918
:1002D00019600021596020231370937903F00C03F7
:1002E0000C2BFAD1314B324A1A60324B324A1A6027
:1002F00000225A60072243F8042C304AC3F80C2D20
:1003000062B602F049FA174B1B68DA0705D52C488C
:1003100002F0C4F92B4B2C4A1A602C4B1B785B065D
:1003200009D5284C284B22689A4204D1244802F06F
:10033000B5F90023236005F0E1FA02F0FFF803F0BD
:10034000ABFEFEE70E20054030800440823F0400F3
:100350000100002B88ED00E0002008E0030000858C
:1003600010D0034014D0034002D0074000E0074003
:10037000782AFF1FE09F0000B01DFF1F782AFF1F93
:100380007033FF1F0012FF1F0000000000E400E0B8
:1003900064E400E008ED00E0005006400040064044
:1003A00001E007404480044000000602048004404D
:1003B000C010070014E000E01FBF02000000202072
:1003C000EB6AD85B1CE00340A5C3945A00F00740D9
:1003D000FFFFFFFFFFFFFFFFFFFFFFFFFFFFFFFF2D
:1003E000FFFFFFFFFFFFFFFFFFFFFFFFFFFFFFFF1D
:1003F000FFFFFFFFFFFFFFFFFFFFFFFFFFFFFFFF0D
:10040000FFFFFFFFFFFFFFFFFFFFFFFFDEF9FFFF23
:1004100010B5054C237833B9044B13B10448AFF33E
:1004200000800123237010BD782AFF1F0000000008
:10043000DC9F0000084B10B51BB108490848AFF31A
:1004400000800848036803B910BD074B002BFBD0A0
:10045000BDE81040184700BF000000007C2AFF1FC5
:10046000DC9F0000782AFF1F0000000010B5044642
:1004700003F0F0FB204610BD70B472B6254A264B3F
:10048000264841250E248021157004701A461970E3
:10049000137821491806FBD5214B224A1D78224C9E
:1004A00022481570033B247800781B78D370547071
:1004B000907062B672B61748184C41260F258023FB
:1004C0000670257008460B7003781B06FCD5144C8B
:1004D00015481649164B2478007809781B78D37193
:1004E00014715071917162B6124D0024296823462F
:1004F0000133082B09D0032BFAD9D05C0133082B28
:100500004FF0010400EB0121F5D10CB970BC70472C
:100510002960FBE70700024000000240060002409D
:100520000B000240A02AFF1F0A00024009000240FF
:1005300008000240EC2AFF1F38B5144A1449154D33
:10054000154C1378002BFCD00B789B07F9D02B6847
:1005500020681B1A182BF4D91049114803F08EFD9E
:10056000FFF78AFF0F4B10491A680D4803F086FD0C
:100570000C210E4803F060FA0D4800F0BFF9342159
:100580000B48BDE8384000F055BA00BF2C2FFF1FC4
:10059000442FFF1F282EFF1F6833FF1FD89800002D
:1005A0006C1FFF1FEC2AFF1FEC9800000002FF1FCA
:1005B000942AFF1F2DE9F04182B003F0BFF8012813
:1005C0002DDD284E284D33680193DDF80480274F38
:1005D000002407E033680093009BBA68C8EB03036C
:1005E00093421FD2C4F10201281903F0B5F8044464
:1005F000012C1E49EED91E4C6B7828782060062B02
:100600000DD8DFE803F0242B16121C2004000B2168
:10061000184803F00DF9184B187803F08DF902B063
:10062000BDE8F08101230B73E5E7012102F05CF8DE
:100630002078002102F044F802B0BDE8F0810021EA
:1006400002F052F8EBE7022102F04EF8E7E702F081
:100650003DF80A4B186003F06FF9E0E7012102F062
:100660002FF8DCE7282EFF1FA82AFF1F6C1FFF1F93
:10067000E42AFF1F00990000EC2AFF1FE82AFF1F51
:100680002DE9F0413B4E3C4D3268DFF81081C5F852
:10069000008000236B722B612B72EB600AB964E05F
:1006A0001A465369002BFBD155610027334C344B5C
:1006B00031486F61AF80EF80AF722B6003F076FD41
:1006C000022004F118023B4639462772E760C4F85D
:1006D000008060722261274600E03A6942F82310E8
:1006E000627A264801339A42F7DC3268214B0AB914
:1006F0003DE01A465369002BFBD154610026DFF818
:10070000A080204B1D486661A680E680A6721E4F21
:10071000236000F08FFB404688F80860C8F800505E
:10072000C8F8044088F80960C8F80C6088F81060C0
:1007300003F05CFA154A1649404605F0CDF801234E
:1007400038463B727B72FE603D607C603E7403F015
:100750004DFA0E4A0E49384605F0BEF80D4B0E4ACA
:100760001A600A221A72BDE8F08135609DE71860B0
:10077000C4E700BF482FFF1FCC2AFF1FAC2AFF1F72
:100780006C9C000030990000042BFF1FB01DFF1F60
:100790006D040000942AFF1F14990000D4980000F3
:1007A000F02AFF1F2DE9F04F00F5807EB1E8A00A86
:1007B000B2E84015C5EA0643C6EA2544C7EA08453B
:1007C000C8EA2746C9EA0A47CAEA2948CBEA0C49D7
:1007D000CCEA2B4AA0E8F8078645E7D1BDE8F04F00
:1007E00070474FF000022DE9F00F00F5807C00BF4C
:1007F000B1E8A00AC5EA0203C2EA2544C7EA020535
:10080000C2EA2746C9EA0207C2EA2948CBEA020936
:10081000C2EA2B4AA0E8F8078445E9D1BDE8F00F09
:1008200070474FF000022DE9F00F00F5807C00BF0B
:10083000B1E8A00AC2EA0543C2EA0504C2EA0745D4
:10084000C2EA0706C2EA0947C2EA0908C2EA0B4936
:10085000C2EA0B0AA0E8F8078445E9D1BDE8F00F29
:1008600070472DE9F00F089C00F5007B51F8045B00
:1008700053F8046BC5EA0647C6EA254952F8045BFB
:1008800054F8046BC5EA0648C6EA254AA0E8800782
:100890008345EBD1BDE8F00F704700BF00207047E3
:1008A00000207047F8B5144C037A242908BFC28091
:1008B0005B0001250E462046C1F30721174684F848
:1008C0003B3084F85E5084F85D5001F0F7FAF1B2E5
:1008D000204601F0F3FAC7F30721204601F0EEFAB3
:1008E000F9B2204601F0EAFA2946204601F052FC0E
:1008F000B0FA80F04009F8BD741EFF1F38B501251D
:1009000004460571334801F0EDFA052001F0F2FECE
:10091000204644F260023021FFF7C4FF20466C22DB
:100920002621FFF7BFFF20464FF4F9722821FFF779
:10093000B9FF204640F622722C21FFF7B3FF204674
:1009400044F246423C21FFF7ADFF204640F2371209
:100950002421FFF7A7FF204644F2FF023021FFF7D2
:10096000A1FF732202212046FFF79CFF4FF4C870BD
:1009700001F0C0FE204641F61D522E21FFF792FFE6
:10098000042211462046FFF78DFF20464FF498724F
:100990000621FFF787FF204610220A21FFF782FF7A
:1009A000204600220E21FFF77DFF204643F63C4201
:1009B0001021FFF777FF204647F67F722221FFF7CD
:1009C00071FF204636222421FFF76CFF657228460E
:1009D00038BD00BF741EFF1F10B5044619B10129B0
:1009E00011D0002010BD55222021FFF75BFF002809
:1009F000F7D0E28842F00402204692B22421BDE8FA
:100A00001040FFF74FBF40F273122A21FFF74AFF51
:100A10000028E6D0882220212046FFF743FF002847
:100A2000DFD0E288204622F004022421BDE81040F5
:100A3000FFF738BF38B50546F1B1802903799ABF71
:100A4000C1F1800444EA0424002433B92246284634
:100A50002221BDE83840FFF725BFC288002322F0DD
:100A6000100203712421FFF71DFF22462846222190
:100A7000BDE83840FFF716BF0123037147F67F72C8
:100A80002221FFF70FFFEA8842F01002284692B2B7
:100A90002421BDE83840FFF705BF00BF9FED057A70
:100AA000DFED057AE0EE077AFCEEE77A17EE901AB2
:100AB000FFF7C0BF00000143EE7CFF3E10B50446C7
:100AC00003F0B8F9204610BD024A0349034804F078
:100AD00003BF00BFB01DFF1FBD0A0000182BFF1F82
:100AE00038B5074D074C08482A46214604F0F4FE65
:100AF0002A4621460548BDE8384004F0EDBE00BF57
:100B0000B01DFF1FBD0A0000202BFF1F282BFF1F59
:100B1000024A0349034804F0DFBE00BFB01DFF1FB7
:100B2000BD0A0000302BFF1F024A0349034804F0AE
:100B3000D3BE00BFB01DFF1FBD0A0000382BFF1F32
:100B4000024A0349034804F0C7BE00BFB01DFF1F9F
:100B5000BD0A0000402BFF1F024A0349034804F06E
:100B6000BBBE00BFB01DFF1FBD0A0000482BFF1F0A
:100B7000024A0349034804F0AFBE00BFB01DFF1F87
:100B8000BD0A0000502BFF1F024A0349034804F02E
:100B9000A3BE00BFB01DFF1FBD0A0000582BFF1FE2
:100BA0002DE9F84F344B35481A68354912681B79DE
:100BB0000B70824229D2334B1B784BBBDFF8D4A099
:100BC000DFF8D490DFF8D480DFF8D4B0DAF8006032
:100BD000D9F80070B8F80040BBF80050002E3BD0A8
:100BE0009FB33A1D311D02EB450201EB4401FFF7B3
:100BF000D9FD403540347F2C1BD8A8F800407F2D0C
:100C00000AD8ABF80050BDE8F88FA0F58070D5E7A2
:100C10001D4B01221A60D1E700243846ABF8004092
:100C200002F094FF194B1A68C9F800201C60BDE857
:100C3000F88F00243046A8F8004002F087FF144BDC
:100C40001A68CAF800201C60D9E7311D01EB440185
:100C5000FFF7C7FD4034CEE737B1391D01EB450141
:100C6000FFF7DFFD4035C6E739464FF48072BDE837
:100C7000F84F05F0A5B900BF642BFF1F300FFF1F11
:100C80001F8000407C2BFF1F08E200E0782BFF1F35
:100C9000802BFF1F742BFF1F6C2BFF1F602BFF1F70
:100CA000702BFF1F70B50021044602F093FF80B146
:100CB00072B61C4A1368002B29D01B490D6805B376
:100CC0001A4E156000220860328062B6184602F0A3
:100CD0003DFF2046012102F07DFF88B172B6144A23
:100CE0001368CBB113490C6874B1134D1460002222
:100CF00008602A8062B61846BDE8704002F026BF40
:100D000070BD086062B6E4E7086062B670BD07496E
:100D100010600B8062B6DCE7074910600B8062B69A
:100D200070BD00BF742BFF1F802BFF1F602BFF1FA8
:100D30006C2BFF1F782BFF1F702BFF1F284B29499F
:100D40001A68294842F400421A600A6842F0020216
:100D50000A601A6842F002021A600368002B3EDB48
:100D6000224B1B68002B3ADB214A4FF08043136073
:100D70001368002BFCDBF0B51E4C1F48DFF8A8E021
:100D80001E491F4B1F4A204F204E214D4FF2FE0C93
:100D9000C4F800C0002404600120CEF80000DFF891
:100DA0008CE0C1F800E04FF480311960194B1360FA
:100DB000DFF87CE0184A3A603460286000F18E4029
:100DC000CEF80000154CB9671548164946F8503C56
:100DD0004FF4C0632A61236003600B60F0BD70476D
:100DE0003C8004404080044000F0024080F002401B
:100DF00000F1024004F1024060F0024008F00240BD
:100E00000CF0024010F0024014F00240E0F002400A
:100E100084F002401B1F0100001F1F1F08B0044088
:100E20000CB0044018B0044004F002400100000778
:100E300088F00240F8B5274C274E2046012102F0E9
:100E400093FF264A264B002515601D60FFF776FFAD
:100E5000244B254A25494FF4C060186023680220BE
:100E60001A6098802279196102F1804202F50432F9
:100E700040F20117DF80DE604FF4807106278D2677
:100E8000D9829D82D9839D619F8398601570167069
:100E900002F010FF2279164B1649187053119B006F
:100EA000174603F160430F70134D144E144C02F1BA
:100EB0001000012103F5614302F01F0201FA02F262
:100EC0004FF080770F492F602C6046F820101A6091
:100ED000F8BD00BF642BFF1F00FEFFFF742BFF1F38
:100EE0006C2BFF1F04B00440300EFF1F22F00240A5
:100EF0007C2BFF1F1B80004000F002400012FF1FF0
:100F000001000090A10B0000024A0349034804F0CD
:100F1000E3BC00BFB01DFF1FBD0A0000642BFF1F14
:100F2000024A0349034804F0D7BC00BFB01DFF1FAD
:100F3000BD0A0000842BFF1F024A0349034804F046
:100F4000CBBC00BFB01DFF1FBD0A00008C2BFF1FD4
:100F5000024A0349034804F0BFBC00BFB01DFF1F95
:100F6000BD0A0000942BFF1F024A0349034804F006
:100F7000B3BC00BFB01DFF1FBD0A00009C2BFF1FAC
:100F8000024A0349034804F0A7BC00BFB01DFF1F7D
:100F9000BD0A0000A42BFF1F10B4047F4160022C87
:100FA000C26003D05DF8044B02F060BF83685DF857
:100FB000044B1847F0B4464B464A986B5C6B01797A
:100FC0001170454922790A701A6B00790870002A5D
:100FD00046D05968C9688A423ED82168CC8B24041F
:100FE00002F1FF3065D4C0F30E00C883C88B80B215
:100FF000C882996B0968C88B000452D4C2F30E00F2
:10100000C883C88B002480B212F1FF32C88218BF97
:1010100001221C63596B2E4809680D6800F12C04ED
:10102000A54236D00068C46814F0804F0C680D6883
:1010300015BF248824780235013544F000440D6042
:101040004463996B254B09791970214912B14A6B98
:1010500012791A70F0BC7047521A1A630122D9E74C
:10106000D86B196805681E4C0A63CC62CC682D6881
:101070001C4E24F080440327B542CC6083F82D70C9
:101080001FD1037F4260022BC2601ED0F0BC02F071
:10109000EDBE016890F82C00CC6840F00040486339
:1010A000CFE7CC8BC2F3080004F47E442043C8830E
:1010B000A7E7CC8BC0F3080004F47E442043C88328
:1010C00094E72B461146F0BC18478368F0BC1847DC
:1010D000C41DFF1F1F8000401C8000401B8000407B
:1010E00000000FFF990F000000207047704700BFFD
:1010F000064B074ADA620221002259609A7083F88F
:10110000242083F8302083F832207047AC2BFF1F57
:10111000D09900002149224A0B6843F080030B60FC
:1011200011461368DB07FCD40B689B07F9D41D4BF1
:1011300030B44FF08072194D186000E0A2B12968F8
:10114000194B164C0B40013A002BF7D062B1012B22
:101150000AD1236813F0800F23680FD043F00113E6
:101160002360032030BC70470C4A136843F470239B
:1011700043F001031360012030BC704713F4803347
:1011800005D0236843F0011323600520F4E72268AB
:1011900042F0010218462260EEE700BF30100B401B
:1011A00024100B400C100B4001000E0070B50D4DCB
:1011B0000D480E4E00232B60FFF7ACFF632403465F
:1011C00006E04BB92B60FFF7A5FF013C034605D0B5
:1011D000326805485207F4D4184670BD002808BF8D
:1011E000052070BD08100B400000DB0C24100B40E4
:1011F000F8B5384B1A780AB10320F8BD5B7806467B
:1012000003B94902344D354C354B36484FF6FF771C
:101210004FF481322F6021601A60FFF77BFF0028B6
:10122000EBD1314B31491B681C3406F1400206F505
:1012300010702B68284F43F0200613F4E00F2E6047
:101240003ED123681E05FCD50B6842F8403C0B6874
:1012500042F83C3C0B6842F8383C0B6842F8343C9E
:101260000B6842F8303C0B6842F82C3C0B6842F8A3
:10127000283C0B6842F8243C0B6842F8203C0B6881
:1012800042F81C3C0B6842F8183C0B6842F8143CCE
:101290000B6842F8103C0B6842F80C3C0B6842F8B3
:1012A000083C0B6842F8043C40328242C1D1002025
:1012B00009490B68084A9B07FBD50D4B1360F8BD25
:1012C00043F4E00343F020033B60FFF76FFF01208E
:1012D000EEE700BF002CFF1F30100B4008100B4042
:1012E00004100B4010003A1110100B4020100B405E
:1012F00022000001F8B52B4B1A780AB10320F8BD83
:101300005B78044603B94902274D284E284B2948EB
:101310004FF6FF774FF481322F6031601A60FFF78C
:10132000F9FE0028EBD1244B24491B682E4604F516
:1013300000772B681C4AD806FBD5336813F4E00FFE
:101340001AD104F1400254F8043B0B60A242FAD1D6
:101350002B68DFF854E043F010032B602B6813F484
:10136000E00013D19742E4D10F490B680E4A9B0766
:10137000FBD5134B1360F8BD136843F4E00343F04F
:1013800010031360FFF712FF0120EDE7DEF80030D5
:1013900043F4E00343F01003CEF80030FFF706FFFC
:1013A0000120E1E7002CFF1F30100B4008100B401C
:1013B00004100B4000003A1810100B4020100B4096
:1013C0001200000110B50121007801F079F9114AED
:1013D0001378C3B11049CB7A00241846147093B126
:1013E000DA0703D50D4AC869106018469C0703D573
:1013F0000B4B0A6AC87A1A60420705D4030702D564
:10140000084B8A6A1A6010BD074B4A6AC87A1A608C
:10141000F4E700BF142CFF1FC41DFF1F00E100E014
:1014200004E100E00CE100E008E100E0234B1A7861
:101430001AB10078002101F043B970B4204A214963
:10144000D47A096801251D70002C26D072B6D47A92
:10145000E607234606D51C4DD3682E683340D3617A
:101460002B602346A50706D5184D14692E68D37A3C
:10147000344014622C605C0706D5154D54692E6803
:10148000D37A344054622C601B0705D5114C936904
:1014900025682B409362236062B61368DA688A423B
:1014A00007D00D4C1C600D4AD96041F080441C618E
:1014B0001A600078002170BC01F002B9142CFF1FE3
:1014C000C41DFF1F102CFF1F80E100E084E100E03D
:1014D00088E100E08CE100E001403F0000003F8037
:1014E000F0B41248124A036882B016460093009F77
:1014F0004FF00045FF24136843F480631360D56206
:101500005463D36A002BFCDAB36BDBB2FF2B09D038
:1015100003680193019BDB1B8B42ECD3002002B0DC
:10152000F0BC7047012002B0F0BC7047282EFF1FAE
:1015300000C00240F8B50D464FF4967116460446B9
:10154000FFF7CEFF284B1A684FF0004042F480624C
:1015500045F040011A60D8621A465963D36A002BDD
:10156000FCDA214918204FF000470A6826FA00F3F8
:1015700042F48062DBB20A60CF624B63CB6A002B1D
:10158000FCDA083810F1080FEFD155B3082D0CBF65
:101590008721FF21144B1A684FF0004042F480620B
:1015A0001A60D8621A465963D36A002BFCDA0E4AD5
:1015B000002716464FF00045FF21136843F480636F
:1015C0001360D5625163D36A002BFCDAB36BD8B2D7
:1015D0001B06607000D4F8BD0137B7F5807FECD1F1
:1015E000F8BD9521D6E700BF00C00240F0B4154910
:1015F000154A0B6882B016460093009F4FF00045D5
:10160000FF24136843F480631360D5625463D36A84
:10161000002BFCDAB36BDBB2FF2B43700AD10B68F3
:101620000193019BDB1BB3F5967FEAD9002002B042
:10163000F0BC7047A3F1FE00B0FA80F0400902B0A0
:10164000F0BC7047282EFF1F00C00240F8B5837819
:10165000032B0E46044618BF4E021546FFF7E6FE62
:10166000324611212046FFF765FF18B92046FFF7E3
:10167000BDFF20B92046FFF7A5FE0020F8BD204B96
:101680002049214A1A608E4659631A4659631E46FC
:10169000596305F5FD70A91C05F5FE77D36A13F0B3
:1016A000F00FFBD0C6F834E0B36B01F8013C1B121D
:1016B00001F8023C02318F42F0D105F50075A842D5
:1016C0000DD20F4A1646D36A13F0F00FFBD0B36B5E
:1016D000191200F8021BA84200F8013CF3D3084B92
:1016E0000949084A196019465A63CB6A044A13F03B
:1016F000F00FFAD02046936BFFF764FE0120F8BD8F
:1017000000C00240FFFF009000041F80F0B4314E83
:1017100033684FF0004743F4806333603D46F7621F
:10172000344671633346511C02F20127E26A002AF3
:10173000FCDA1A6811F8016C42F480621A60DD620A
:101740005E63E26A002AFCDA1A6811F8026B42F45E
:1017500080628F421A60DD625E63E7D11D49CA6A0A
:101760001C4B002AFBDA1A684FF0004542F48062F5
:10177000FF241A601946DD625C63CB6A154A002BB0
:10178000FBDA13684FF0004543F48063FF241360D5
:101790001146D5625463CB6A0E4A002BFBDA1368FC
:1017A0004FF0004543F48063FF2413601146D56277
:1017B0005463CB6A074A002BFBDA936BDBB203F06E
:1017C0001F024370A2F10500B0FA80F04009F0BC9E
:1017D000704700BF00C0024070B5044671B1837805
:1017E000032B0D4618BF4D021646FFF71FFE2A4673
:1017F00018212046FFF79EFE054620B12046FFF740
:10180000E1FD002070BD3246FE212046FFF77EFF3D
:101810000028F3D04FF416712046FFF761FE002830
:10182000ECD02A460D212046FFF784FE0028E5D1A2
:101830000B4B1A684FF0004542F48062FF201A609B
:101840001946DD625863CB6A054A002BFBDA936BBD
:1018500013F0FF0FD2D12046FFF7B4FD012070BD79
:1018600000C00240014B024A1A607047102CFF1F53
:101870000320003838B590F90530002B03DBBDE8B4
:10188000384000F079B904460121006900F0B4F94C
:10189000F8B1257D104B13EB45151AD0A3790F4AEB
:1018A000012B9CBFA369EB61E36912686B831B0C7E
:1018B000AB8232B105F1160105F1180090472B8B70
:1018C0006B82637903F07F036371BDE8384000F0F9
:1018D00053B9002038BD00BF242CFF1F182CFF1F58
:1018E00010B500F1080204460121006A00F02CFA4C
:1018F00050B1E3693BB96379A268E26163F07F03A9
:101900006371012010BD012010BD00BFF8B58379BF
:1019100013B182698A4201D20020F8BD022B0F4622
:1019200005461AD007B32B6AE9681C7C4A1E04F1ED
:1019300009037C1EDA40DC40A24211D9EB69AB609E
:1019400005F1080606E0A968286A00F0C5F9013C1F
:101950000028E1D03246002CF5D1EF600120F8BD1F
:101960000029EBD0A41AEBE7AF60EF600120F8BDCF
:101970002DE9F04F8B46817985B001290746019208
:1019800005D001233B71002005B0BDE8F08F4279FE
:101990009107F6D5530708D5FC68B9698C4200F069
:1019A000B480FFF7B3FF0028EBD0019BFC68002B4D
:1019B0004AD0DFF8A491DFF8A4A1DDF80480386AEA
:1019C0000679013E06EA542616F0FF06C4F3080421
:1019D00043D1002C41D1B968002973D1FA69002A9A
:1019E00000F08380BA60C4F50075ADB245453AD9C0
:1019F000057C4169023AAA400E4416441FFA88F554
:101A00001CB9F868BA6990424FD23046012100F003
:101A1000F3F80028B5D04C4404EB050E74450DD006
:101A20000BF1FF31621E0EF1FF3611F8010F02F8C3
:101A3000010F9642F9D1C4EB0E04A344FC68B8EB45
:101A400005082C44FC60BAD1BB69A34262D27A7902
:101A5000BC6142F080027A7165E0C4F50075ADB2F8
:101A60004545BA68C4D8017C4069023A8A400644B8
:101A7000B5F5007F1644C3D1DAF80020964204BFC2
:101A80004FF0FF32CAF800202F4A10680278FE2A71
:101A9000314633D05A46FFF79FFE00283FF471AF1E
:101AA0000BF5007B4FF40075C8E700F065F80028DF
:101AB0003FF467AF2549CAF800600A7842F0010296
:101AC0000A70A8E703AA00F007F900283FF45CAF0A
:101AD000386A1F4B90F82050039A4FF6F871102D7A
:101AE00018BF19468A42FFF47DAF3846FFF7F8FE6B
:101AF00000283FF446AF386ABA6874E75846FFF7E3
:101B0000F9FBB0FA80F04009C7E7019B002B7FF496
:101B100050AF08E00F4B7A791B6823B1019B13B1DA
:101B200042F080027A71120709D5BB79002B3FF48D
:101B300028AF3846FFF79EFE00283FF422AF0198F9
:101B400005B0BDE8F08F00BF202CFF1F242EFF1F23
:101B5000F8FFFF0F182CFF1F242CFF1F041EFF1F70
:101B600000B583B002AB012203F8011D1946FFF74F
:101B7000FFFE03B05DF804FB70B51A4C23780BB977
:101B8000012070BD184D194B286819680378FE2B89
:101B900017D0174AFFF720FE88B1164E316819B9E1
:101BA00000232370012070BD28680378FE2B0FD01E
:101BB0000F4AFFF711FE10B100233360F0E7002059
:101BC00070BD0B48FFF796FBB0FA80F04009E3E7E1
:101BD0000748FFF78FFBB0FA80F040090028EBD1EF
:101BE000EDE700BF242EFF1F202CFF1F041EFF1F48
:101BF000242CFF1F1C2CFF1F70B5124D2B68834235
:101C00000E4611D00446FFF7B7FF08B9002070BD9B
:101C10000D4B18680378FE2B0CD00C4A2146FFF7B9
:101C200015FD0028F2D02C60094B1978314319704A
:101C3000012070BD21460548FFF7DAFAB0FA80F0BE
:101C40004009EEE7041EFF1F202CFF1F242CFF1F5E
:101C5000242EFF1FF8B590F82030C469102B1A4BC2
:101C600005460E4617461B6816D004EBD1149C425D
:101C700016D106F07F06154A42F826701449287ED0
:101C80000A78012842F001020A7018D9A968114A9D
:101C90000B4413600120F8BD04EB11249C4208D0D2
:101CA00000212046FFF7A8FF50B195F82030102BF7
:101CB00007D1F6B2054A234622F81670DEE7012066
:101CC000F8BD2346D5E700BF041EFF1F242CFF1FCD
:101CD000242EFF1F1C2CFF1FC36801338B4218D317
:101CE00070B590F82030102B154B044616460D4663
:101CF000C0691B680FD000EBD11098420FD105F0DE
:101D00007F01104B53F8213023F0704333600120E2
:101D100070BD0020704700EB1120984207D00021D1
:101D2000FFF76AFF50B194F82030102BE7D1E9B2E9
:101D3000044B33F811303360012070BD002070BDBA
:101D4000041EFF1F242CFF1F2DE9F04F176883B0DE
:101D50006FB301374FF0000AC36803F1010813B3F2
:101D60008B46064691463C46002505E01C461F462C
:101D7000F3680135AB4216D9A04538BF022421468D
:101D800001AA304638BF2746FFF7A6FF631CD91BC0
:101D900048B1019A002AE9D18B4510D01C46F3685E
:101DA0000135AB42E8D8002003B0BDE8F08FA1F1C7
:101DB000010ABAFA8AFA07684FEA5A1ACCE7012CE4
:101DC000F1D9F36801339C42EDD86FF0704221469F
:101DD0003046FFF73FFF0028E5D0A74214D2013C70
:101DE000012CE0D9F36801339C42DCD8621C214607
:101DF0003046FFF72FFF0028D5D0A74204F1FF346B
:101E000002D0012CEED1CEE7D9F8001059B101294A
:101E1000C9D9F36801339942C5D83A463046FFF72D
:101E200019FF0028BFD0C9F80070BAF1000F01D027
:101E3000013737600120B7E790F8392090F8380073
:101E4000101A704790F8383090F839209A4205D926
:101E50005A1C034480F83820187E70474FF0FF303A
:101E6000704700BF90F8383090F839209A4286BF0A
:101E70001B18187E4FF0FF30704700BF704700BF3F
:101E800038B50546B0F85E0090B195F85D3014465F
:101E9000C3F1210294420CD805F13B0018442246BC
:101EA00000F014FA95F85D30234485F85D30204643
:101EB00038BD012014462871EEE700BFB0F85E304F
:101EC0006BB190F85D30202B07D8C218013380F831
:101ED0005D30012082F83B10704701230371002020
:101EE000704700BF0023426980F8383080F83930ED
:101EF00080F85C3080F85D3080F85E3080F85F30CC
:101F000006CA30B40D68046943662A4383660A60D2
:101F1000A370426990F861301649146813441D7A21
:101F20005B7B01EBC5051B026D6803F4E06343F0C6
:101F300064032B6090F8623013449D7CDB7D01EBE1
:101F4000C5011B02496803F4E06343F064030B60BE
:101F500021685368194205D003692C225A7003691D
:101F600004229A71036920225A71036980229A70AF
:101F700030BC7047649A000038B50269D478E4B286
:101F8000E106054624D51023D37063061FD504F05F
:101F9000040404F0FF03002C5AD042496A6E002367
:101FA0000B7085F85D30002A66D0904795F85D305B
:101FB000002B61D02B69D0229A702B6995F83B20B9
:101FC0001A712B69012285F85C200222DA7038BD73
:101FD00004F0400303F0FF00002BD8D19379DBB26B
:101FE00003F0600160294ED0937803F0100303F0F2
:101FF000FF01B3B114F0010437D195F85C3095F8C6
:102000005D1099424BD9591C2B4485F85C1093F80C
:102010003B3013712B69D0229A702B690222DA703F
:10202000D5E785F86010937943F0200393712B690D
:1020300095F839101A791F29D2B2C6D819480078F4
:102040000028C2D06818013185F839100276BCE743
:102050002A6985F83930C02393702B69114A1979A0
:10206000012111700222DA70B1E7C02393702B694D
:102070001A790222DA70AAE70122002385F85D208E
:1020800085F83B3096E703F0DF039371AB6E23B125
:1020900085F8380095F8390098472A69A4E7147143
:1020A000B8E700BF252EFF1F2DE9F047374FDFF8B7
:1020B000E0903B68026982B006460093DDF800803C
:1020C00000214FF49675D3789B065BD53B6801934E
:1020D000019BC8EB03030F2BF5D949B1102BF2D0AC
:1020E00000209070336980229A7002B0BDE8F087BA
:1020F000726996F8613013440521187A00F0F4FAF9
:10210000726996F861301344012193F812A0504689
:1021100000F0EAFA09240021504600F0D1FA2B46DB
:10212000013BFDD10121504600F0CAFA2B46013B8C
:10213000FDD1013CEFD1706996F8611001444FF474
:1021400016720C7A4B7B09EBC4011B02496803F43D
:10215000E06343F064030B6096F862300344997CBB
:10216000DB7D09EBC1011B02496803F4E06343F026
:1021700064030B60013AFDD13269D3789B064FF0BE
:102180000101A3D4012002B0BDE8F087282EFF1F73
:10219000649A0000F0B503691222DA70026993783C
:1021A00003F0200385B004460D46002B5ED0B42317
:1021B00093703C4922690B680093009E05E00B6810
:1021C0000193019B9B1B042B42D8D37803F020037F
:1021D00003F0FF00002BF2D094F85D30002B31D0DB
:1021E0004FF0000E4FF0020C04EB0E0393F83B305F
:1021F00013710B680393039F206907E09B060DD5BD
:102200000B680293029BDB1B052B28D8C378DBB23B
:1022100003F0020202F0FF06002AEFD080F803C0AC
:102220002669F378DBB2DF0632462DD49F062BD524
:10223000DB0731D40EF1010E94F85D305FFA8EFEAB
:102240007345D1D800201DBB002384F85E3004E024
:102250009070236980229A70042005B0F0BD8670CA
:102260002369802204209A7005B0F0BD03F0FF06B8
:10227000FFF71AFF10B9042005B0F0BD236984F8F8
:102280005F60B0229A7094E78023B3700420DAE78D
:1022900026698023B370D7E7BEF1000F0CBF022080
:1022A0000320F6E7282EFF1F0148FFF765BE00BF99
:1022B000741EFF1F0148FFF75FBE00BFE01EFF1F37
:1022C0000148FFF759BE00BF081EFF1F844641EAC0
:1022D000000313F003036DD1403A41D351F8043B9E
:1022E00040F8043B51F8043B40F8043B51F8043BF0
:1022F00040F8043B51F8043B40F8043B51F8043BE0
:1023000040F8043B51F8043B40F8043B51F8043BCF
:1023100040F8043B51F8043B40F8043B51F8043BBF
:1023200040F8043B51F8043B40F8043B51F8043BAF
:1023300040F8043B51F8043B40F8043B51F8043B9F
:1023400040F8043B51F8043B40F8043B51F8043B8F
:1023500040F8043B51F8043B40F8043B403ABDD2FE
:10236000303211D351F8043B40F8043B51F8043BA0
:1023700040F8043B51F8043B40F8043B51F8043B5F
:1023800040F8043B103AEDD20C3205D351F8043B2F
:1023900040F8043B043AF9D2043208D0D2071CBFFB
:1023A00011F8013B00F8013B01D30B880380604624
:1023B000704700BF082A13D38B078DD010F003039A
:1023C0008AD0C3F10403D21ADB071CBF11F8013B0A
:1023D00000F8013B80D331F8023B20F8023B7BE759
:1023E000043AD9D3013A11F8013B00F8013BF9D284
:1023F0000B7803704B7843708B788370604670471E
:1024000030B42948294A2A4B2A4D6024E12104701E
:1024100011701B78284C082B30D00A2B27482849EC
:1024200037D00C2B0CBF35225D2212232A6023608B
:1024300002600B60234B24491B78244ABBB1012363
:102440000B601360224B23491B78234A012B26D9AA
:10245000042B0FD9082B1ED9102B94BF862387235A
:102460000B6013601D4B01221A7030BC70470B606B
:102470001360E7E784230B601360F3E700F58E2019
:102480000F490830212213232A60236002600B6069
:10249000D0E73922F7E785230B601360E2E780235A
:1024A0000B601360DEE700BF0040074001400740BB
:1024B0004C1FFF1F08B003400CB0034008B00B4096
:1024C0000CB00B40272EFF1F20B0034020B00B4064
:1024D0004D1FFF1F24B0034024B00B40262EFF1FCA
:1024E00008B5104C08E0236859050DD423681A0577
:1024F0000FD42368DB0411D423685803F3D500F00C
:10250000BDFA23685905F1D502F0AAF823681A0527
:10251000EFD502F03BF92368DB04EDD502F0CCF9EE
:10252000EAE700BF3480044008B5FFF7D9FF00BFD9
:10253000014B10221A80704700200540704700BFF1
:10254000094908B50B6830B16A461844A2F5005233
:10255000904202D20860184608BD03F0C9F90C2366
:1025600003604FF0FF3008BD501FFF1FFEE700BFA4
:10257000084A1378802B01D0002070470649074B8A
:1025800007480860002119701378802BFCD00120C7
:10259000704700BF03E007404480044001E007406B
:1025A00000002822094A1378012B01D0002070472F
:1025B00003F1804303F5FC23602119701378802B0D
:1025C000FCD1034B034A1A600120704703E0074027
:1025D000448004400000060210B4114B53F8302030
:1025E00092F8804234B1012379B182F880305DF8ED
:1025F000044B704703EBC0035B681A6851B922F0C3
:1026000002021A605DF8044B704782F800315DF8F1
:10261000044B704742F003021A605DF8044B7047A8
:10262000649A00001C4A02EBC00301295B6811D0C8
:1026300004291BD052F83000002280F8802229B1F2
:10264000022920D0032922D01A6070474FF48072EB
:102650001A60704752F830004FF4A27280F880126E
:102660001A601A6822F020021A60704752F830107F
:102670004FF4A272012081F880021A601A6842F0B9
:1026800020021A60704740F203121A6070474FF43C
:1026900081721A60704700BF649A000030B4054B25
:1026A000054D064C002210211A602A602060196036
:1026B00030BC704714D0034004D0034000D0034026
:1026C0003F2801D8FFF788BF704700BF3F2806D8D2
:1026D000044B53F8303093F80002C0B2704700202A
:1026E000704700BF649A00003F2801D8FFF79ABFE7
:1026F000704700BF2DE9F843054672B6224F234BC1
:10270000234A1B683C68126862B6520102D5322B1C
:1027100088BF0134B5B3C3F52F3303F21F331D4E09
:10272000DFF86890DFF868809B084FF47A72A6FBA8
:10273000031302FB04F404EB930472B6D9F80010FF
:102740003A68D8F800E062B6C1F52F3303F21F33C0
:102750009B08A6FB03031EF0806FC4EB93034FF4AA
:102760007A7002D0322988BF013200FB0233B3F500
:102770007A7F04D3013D05D004F57A74DDE701F0DA
:10278000D7FEDAE7BDE8F883282EFF1F18E000E047
:1027900004ED00E0176CC116F8B54E4B4E48DFF85B
:1027A0005CC14E4C4E49DFF858E14E4E4E4D4F4FF6
:1027B0004FF000621A604FF080521A604FF00052E2
:1027C0001A604FF080421A604FF000421A600022F7
:1027D000026028234EF6FF70CCF80000CEF80030DF
:1027E00023600EF5012E0B6033602B6006F500268A
:1027F0003B6005F50025A36207F500278B6204F511
:10280000012401F5012106F6E87605F6E87507F5DD
:102810007F6710310EF1100E203433602B60CEF83C
:1028200000303B600B602360314CBB618B61092140
:102830002160A7F5002704F58054203F08343A6052
:102840002060BB60E36047F8041C04F5FD2407F535
:10285000FE27043704F2FC7422603860A360FB603A
:1028600044F8041C083404F6FC74C7F8FC2F2060FC
:10287000A4F5E124A4F2DC7433602B60C7F8F81FE0
:1028800021681C4841F40071216001681A4C0EF562
:102890007F4E0EF1E80E07F5883706F5803605F510
:1028A000803541F000710160CEF8002047F6FF71DD
:1028B0000822396033602B602260FFF7A1FD3220CF
:1028C000FFF718FF00F050FE4FF4AF70BDE8F8407E
:1028D000FFF710BF04E100E00480034014800340D0
:1028E0001C800340248003402C800340348003403C
:1028F000008003400480044000900C4008800340A6
:102900000C800340431E052B14D872B60A4951F8B7
:10291000230068B170B4094C058834F81320466868
:1029200041F82360521B24F8132062B670BC704734
:1029300062B67047002070478C2EFF1F5433FF1F74
:10294000013805280BD872B6074B53F8203043B135
:1029500000205B680130002BFBD162B6704700207D
:1029600070471846F9E700BFE82EFF1FF0B586460E
:1029700072B6022201231B491B4F02E001310133D1
:102980000132052BFBD00D7817489C002D0744F031
:10299000010605D557F834506DB157F83640C4B12B
:1029A000072AEBD162B6114B00221A707046BDE8BF
:1029B000F04000F061BE0D490D4D0A7840F83450EA
:1029C00000EB43130EF10800013A58600A7062B63A
:1029D000F0BD0649074B40F836300A7800EBC603D5
:1029E000F0E700BF989C00000000FF1F212FFF1F91
:1029F00088004000C8004000431E052B1DD81B4A1C
:102A0000400140F0100030B4104472B6184CE25C43
:102A1000032A1BD8DFE802F00212151703220D88E3
:102A2000E25410F0080F14BFC823882343EA05437B
:102A300008310360416062B630BC70470830022242
:102A4000EDE70522EBE708300422E8E7094A52F8EF
:102A5000230038B1084A52F82300416042F823109D
:102A600062B6E9E742F82310034AF7E70000FF1FC8
:102A7000302FFF1FE82EFF1F002FFF1F2DE9F04F03
:102A8000DFF840A3DFF840B389B049E0DFF83C83CA
:102A90004FEA930908EBC907013C7A68E4B2032CBA
:102AA000A2F1080000F02081042C00F03C81052CEC
:102AB00000F051811E0700F1388158F839301B0CA5
:102AC00099B222F8081C002B00F02481A94D55F87A
:102AD0002460002322F8063C42F8043C002E00F05B
:102AE0001B82A54E56F824305860A44D46F82400A9
:102AF00035F81430194425F8141000F09DFD002815
:102B000000F003829E4A9F4B17F0080F00F1080067
:102B100018BF1346786048F8393008238AF8003027
:102B20009AF80040E4B263071AD5974B1B78A3B11B
:102B300096490A7802F0FF0322B1013BDBB20B7029
:102B400003B900BE92490A7802F0FF032AB1013BA3
:102B5000DBB20B70002B00F0AE8104238AF800304A
:102B600004F0080303F0FF02002B00F040819BF803
:102B70000030DBB21C0989D19D08DFF8509259F86A
:102B8000352009EBC501C2F38302013A49680C2ADA
:102B90007ED8DFE802F081817D7D7D7D7D7D4B7D6E
:102BA0007D7D07000A687B4B49687548DFF8208205
:102BB000794C596091B249F835001A600120002221
:102BC000B1F5086FC8F80020C9F81020C9F818201E
:102BD0000792207000F0468340F22A8142F22135AC
:102BE000A94200F0F88200F2458240F6013291429B
:102BF00000F0C98200F29E82B1F5106F00F055839B
:102C000040F68122914240F0FF81624B07909A8802
:102C1000032A00F02B84042A40F0F6815F4A6049C1
:102C20005C4B1278DF880A7001203FE2DFF8A08158
:102C3000D8F8001031B35B4B574C5B4A18882578A5
:102C400016784028074646F0020C28BF4027002D82
:102C500085F001052570A0EB07000CBF8824C8246F
:102C600009EBCC0580B286F0010644EA07446960AE
:102C7000188049F83C4039441670002800F00E8155
:102C8000C8F80010434B1A88B2F5A06F00F00A8113
:102C9000464A0123137040E73E4A108842F221025F
:102CA000904200F04D813B4801F00AFCA8B13E4A39
:102CB000394C1178207881F00106002841F002019A
:102CC00016700CBF8822C82249F8312009EBC101D7
:102CD00080F00100002220704A60294A49F835201E
:102CE000324A0123137018E719077FF5E6AE01F0A9
:102CF00039FB00283FF411AF87F0080700042C4B84
:102D00002C4A7B6040F080003860D37883F0010368
:102D1000D37002E71A4A1B4B17F0080F18BF13466F
:102D200048F83930F9E61B0777D500F0A5FC224AB0
:102D3000204D52F82430002B00F0F2805968285DB5
:102D400042F8241003F108027A60032844D8DFE82F
:102D500000F0A2419F9C1D077FF5AFAE87F00807EA
:102D6000164A7A60164B134A3B60537983F001038D
:102D70005371D2E68C2EFF1F302EFF1F5433FF1FDE
:102D8000C8004000880040002C2FFF1FA52EFF1F09
:102D9000362FFF1F182FFF1FA42EFF1FF72FFF1F17
:102DA000242FFF1F482EFF1F202FFF1F94200740B6
:102DB0008814FF1F302FFF1FE82EFF1FD013FF1FA7
:102DC0008000030080200740902007400000FF1F84
:102DD0002C2EFF1F02222A551A8817F0080F0CBF4D
:102DE0008823C82343EA024348F8393095E6E007D0
:102DF00064D4210600F1C980A20706D5874A884914
:102E000013780220DBB213700870E30602D5844BFE
:102E100010221A7009B0BDE8F08F58F83900000C84
:102E200001F0EEF97F4A804B7A6048F8393074E659
:102E300040F20230814200F01D8200F2B080B1F514
:102E4000817F00F0FC8100F2D780802900F025828C
:102E5000822940F0D980754B998801F07F010629BD
:102E600000F2D2807248734D704B2A70890008447A
:102E70006A700278DF886F49900748BF01224FF0DF
:102E8000020048BF2A70079010E104222A55A3E7E8
:102E900005222A55A0E703222A559DE7402F18BF97
:102EA0000021EDE600219A785970634B1A70634A4D
:102EB0000123137031E600F09BFD4EE6604B5F4846
:102EC00060491A614FF0020E80F800E0584F0A7016
:102ED0005D4919609960514E514D574C9A610D21D1
:102EE0003970FF213170DFF888E129702270574D69
:102EF000574A8EF800109F27012406F8047C5D6075
:102F00000470DA6009B0BDE8F08F524A48F8390021
:102F100013780133137000E645F824004E4EE4E5C3
:102F20002B5D032B00F2288101A252F823F000BF91
:102F30001B2B00001B2B0000EB2F0000E52F0000D7
:102F4000464ACE1D11F8013B02F8013FB142F9D1CA
:102F5000434A1268862A4BD03A4A424C107821786C
:102F600080F0010E002940F0020082F800E00CBF62
:102F70008822C82249F8302009EBC00081F00107FF
:102F800000223146277042608DE62949244B802279
:102F90000D2008701A70A2077FF537AF2EE7B1F544
:102FA000A06F00F0188140F25682A1F5D06101298E
:102FB0002AD82D4A516839B31C4B5D889E8802E09F
:102FC0000C32516801B31388AB42F9D15388B34234
:102FD000F6D12D0A032D00F08182144B1089079041
:102FE000DF8863E001232B5597E500232B5594E5FB
:102FF0001E4A0F211170AFE740F22113994206D00B
:1030000040F22123994202D0094A0F2313700B4A40
:1030100001231370094A012313707EE588200740BD
:1030200080200740D413FF1F8000B400182FFF1F1B
:10303000C0200740242FFF1F9820074094200740FE
:103040000000FF1F202FFF1F880040004C2EFF1F95
:10305000A82EFF1F212FFF1F302EFF1F5F33FF1FE2
:103060006033FF1FA42EFF1FA09C0000A52EFF1F92
:103070008C20074048F2A120814200F0D38000F26A
:10308000C88048F2A110814200F0CC8048F2A21022
:103090008142B9D1AB4BDF88022FB5D9AA49442070
:1030A0008A700870AC2203204A700790874280F033
:1030B000948094F800E00797402F3E4628BF4026B2
:1030C0008EF001038A190193B81B330402929F4AC0
:1030D0009DF8045025701578BEF1000F45F0020CE4
:1030E0000CBF8827C8271F4309EBCC0349F83C7065
:1030F00085F00107596017709549002850D0402885
:1031000051D9944B029E47F0020703EBC7035E6060
:10311000019B002B6FD015708E4A8F4C42F83740C0
:10312000334681F800E0403840338C4AC8F800301C
:1031300010806CE742F2210291423FF468AF42F204
:10314000212291427FF460AF854D7E4B8548864AAF
:103150002D689978056011707C4A157845F0020158
:1031600085F0010709EBC1001770C825002249F856
:103170003150426022704AE717F0080F0CBF02235B
:1031800003232B55C9E46F4B9A88032A00F07481FE
:10319000042A7FF439AF6B4B744A59881170DBE70E
:1031A000402E7FF434AF47F0020709EBC703029EBD
:1031B0005E60019B6749060443BB46F08806029B9C
:1031C00084F800E040281570034441F837607FF42C
:1031D0001EAF0020A9E700200146402894F800E037
:1031E000064628BF40268EF001038A190193801BF2
:1031F000330402926BE71570029B564A5C4C81F8CF
:1032000000E04038403342F837408EE746F0C806C9
:10321000D5E748F2A132914204D048F2A14291424E
:103220007FF4F2AE474D4849284607AA01F014F949
:1032300000283FF4E9AEEF880798434936E7414B51
:103240009A8802F07F02062A3FF6DEAE59880029EE
:103250007FF4DAAE4749920011440A7822F0020264
:103260000A7079E7444B38491A78364B0790DF8863
:103270000A701BE7334B9A8802F07F02062A3FF65A
:10328000C3AE598800297FF4BFAE3A499200114479
:103290000A7842F002020A705EE72B49294B0A7055
:1032A0000220DF884A70079000E7264B294D9A7864
:1032B000314B05F1C0061A7002E00835AE4207D066
:1032C0002B6A1F06F9D5686A083800F0D5F9F4E7CB
:1032D0002A4D2B4A2B492C482C4E019500232C4D6E
:1032E0000295CDF81080059403960D4680461C4645
:1032F0001646306828B1476800F0BEF93846002FFE
:10330000F9D100233360039B28681A46002342F852
:10331000243028B1476800F0AFF93846002FF9D1C2
:10332000019B00221B782A6048F8042B029A4FF078
:103330000001023B22F81410032B2FD8DFE803F022
:103340007F2A7F2A182FFF1F242FFF1F202FFF1FE8
:10335000A42EFF1F0000FF1FC8004000482EFF1FC3
:10336000282EFF1F6833FF1F442FFF1FF72FFF1F5B
:1033700088004000C02007402C2FFF1F302FFF1F68
:103380008C2EFF1FE82EFF1F002FFF1F302EFF1F68
:103390005433FF1F019B4FF001021A70019B01344F
:1033A0000133062C06F1040605F104050193A0D1B2
:1033B0005C4B5D4FDDF81080059CCDF8048019460C
:1033C0005A4B029400221A7002233C46012688467A
:1033D0001F4611E0B50045F0020045F0030500214D
:1033E000062E49F8301049F83510514D00F08B8009
:1033F000072F29D00136013714F8011B08F8041BE8
:10340000052E70D00D07E5D500F016F900285DD027
:10341000B50009EB4611474B49F835300830486094
:1034200000F00AF9002848D045F0010109EBC10E6F
:103430000830414B49F83130CEF80400CBE7019B0E
:103440004FF000021A70A9E73C4BDDF80480029CA3
:10345000DF8807982AE640F2213399423FF4D7AD3E
:1034600040F2214399423FF4D2ADCDE5344A35498B
:103470001278DF880A7019E69A7831490A70002AB2
:103480003FF46AAE304D314AEF78A2F10806002FC2
:1034900018BF1646326812F080017FF45DAEDFF887
:1034A000C480B022404602F08BFD87F00107284A15
:1034B000C6F80480EF7032604EE61C4B197845F078
:1034C000010E013149F83E00197084E7174B197855
:1034D000B500013149F835001970A1E7174B08789C
:1034E000DF880790E2E51B491B48C9F8A410C9F81A
:1034F000AC100021C9F8A000C9F8A800C9F8B010A4
:10350000C9F8B81076E7024605EBC0060B4F134822
:10351000134B45F83200DDF80480029CFF8873608D
:103520000798C3E5C4200740989C0000212FFF1F87
:103530000000FF1F88004000C8004000182FFF1F38
:10354000F62FFF1F242FFF1F302FFF1F9800FF1F94
:103550008000B000D413FF1F8000B400800003007F
:10356000D013FF1F8814FF1F2DE9F041274C01F0F5
:1035700089FB002204F1C80023461A605A60083310
:1035800083424FF00001F8D12148224A0368DFF856
:103590009CE0214E214D224FDFF894C0DFF894804B
:1035A00043F480230360136843F0407313600323E4
:1035B0008EF80030A023337002F5C922C4F307232C
:1035C00000F528302B708030C4F3074310323B7075
:1035D000240EFF230470134D8CF80030124888F835
:1035E00000301370012306F8AC3C4FF400140EF8C1
:1035F000441C7026102107F82C3C2E70046082F8C1
:10360000F810AEF1440EBDE8F08100BF0000FF1FCE
:103610003480044000D80040402107409C200740EF
:10362000B020074035E400E004E100E04421074019
:10363000802007408820074072B60D480268B2FA21
:1036400082F31D2B10DC4FF00041D94022EA010229
:10365000026062B6074803EBC303DB00C218002117
:10366000C15010465160704762B60020704700BFDD
:10367000541FFF1F3C15FF1F0D4B0E4AC31AA2FB20
:1036800003231B091D2B0CD80B4A127852B972B6B2
:103690000A484FF00041026821FA03F31A4302601E
:1036A00062B67047064A1278002AF0D0FFF75EB97A
:1036B0003C15FF1F398EE338212FFF1F541FFF1FBA
:1036C0002C2FFF1F38B50F4D286878B1438802882A
:1036D000C118013393420C7A02D24380204638BD90
:1036E000FFF7CAFF002320462B6038BD064B1B782E
:1036F0002BB10220FFF706F928600028E6D14FF031
:10370000FF3038BD402FFF1F2C2FFF1F10B5094C75
:10371000206818B143881844007A10BD064B1B7806
:103720002BB10220FFF7EEF820600028F2D14FF015
:10373000FF3010BD402FFF1F2C2FFF1F044B054AE9
:103740001B6850881BB11A885B88D31A18447047CD
:10375000402FFF1F5433FF1F2DE9F84F0E4600295D
:1037600042D0DFF890A09AF8003003F0FF091BB3B5
:103770004FF000091E4F8046CB463C6824B3258895
:103780006388ED1AB54228BF354604F10801194493
:103790002A464046FEF79AFD638822882B449BB256
:1037A0009A42A944A6EB0506A844638016D91EB127
:1037B0009AF80030002BE0D14846BDE8F88F058824
:1037C000002DDDD1FFF758FF0220FFF79BF80446DC
:1037D00038600028F3D14846BDE8F88F2046FFF74F
:1037E0004BFFC7F800B0E2E70846BDE8F88F00BF1E
:1037F000402FFF1F2C2FFF1F0B4B1B789BB110B5C9
:103800000A4C206848B1FFF737FF002302202360ED
:10381000FFF778F830B1FFF72FFF0220FFF772F8BB
:103820000028F8D110BD70472C2FFF1F402FFF1F1D
:103830002DE9F04FDFF8F89083B0012289F80020DD
:10384000019169B3DFF8EC80354F019E8346D8F8CB
:103850000000B0B3334D4488C4F14001B14228BFE9
:10386000314604EB010E00221FFA8EFE2A70761AF2
:10387000A0F802E000F1080251B1013C2244594491
:103880001BF8014B02F8014F8B45F9D1B0F802E06B
:10389000BEF13F0F0BD8244A05211170002ED6D15E
:1038A0000198002389F8003003B0BDE8F08F402272
:1038B000028001460320FFF79FF80022C8F800208D
:1038C000E9E73A7822B3194C164D4FF0010A07E0A8
:1038D000013C16D02A78A2B900F02AFE3A78BAB193
:1038E0000320FFF72DF80728F2D889F800A0FFF78A
:1038F000A3FEC8F800000028ADD10D4B013C1870A4
:10390000E8D101234FF0FF302B7003B0BDE8F08FFA
:1039100000234FF0FF3089F8003003B0BDE8F08F8E
:103920002C2FFF1F3C2FFF1F362FFF1F21480100A8
:10393000372FFF1F382FFF1F00B583B002AB0121C7
:1039400003F8010D1846FFF773FF03B05DF804FBA1
:1039500038B50E4D0E4C28680123237028B14088DD
:1039600000232370C0F1400038BD0A4B1B7813B907
:103970000020207038BD0320FEF7E2FF0728F7D8AB
:10398000FFF75AFE28600028E9D1F1E7382FFF1F22
:10399000372FFF1F2C2FFF1FF8B5114B1B788BB152
:1039A000104E114D346801272F7064B10F4A63889F
:1039B00000271770214623800320FFF71DF837608A
:1039C00000232B70F8BDFFF737FE084B28B10146E6
:1039D00003201C70FFF710F8F2E71F70F0E700BF3C
:1039E0002C2FFF1F382FFF1F372FFF1F362FFF1FD2
:1039F00038B50E4B1B7873B90D4C216861B103F0DB
:103A0000FF054B880B800320FEF7F6FF256038BDCD
:103A1000084B01221A7038BDFFF70EFE0028F7D0C0
:103A20000146BDE838400320FEF7E6BF372FFF1FF1
:103A3000382FFF1F362FFF1FB1F5607FF0B428BF6E
:103A40004FF4607172B6134A134C144B106000228D
:103A5000228003F1700443F8042FA342FBD1B1B1DB
:103A60000F4E002301275D0903F01F0456F825209F
:103A700007FA04F4013322438B4246F82520F2D1A1
:103A80000023438001338B4200F58270F9D162B686
:103A9000F0BC7047502FFF1FCA2FFF1F542FFF1F6E
:103AA000582FFF1FF0B472B6234F244E3C8806F106
:103AB000700306EB8400984212D256F8241099B98C
:103AC000021D06F17305631CAD1A03EB950503E0B7
:103AD00052F8041B41B90133AB421C461046F7D1E2
:103AE00062B60020F0BC7047B1FA81F34FF000429B
:103AF000DA4021EA0201016001B9013410493C8039
:103B00000A88013294B20C8062B6801B8010C3EB2D
:103B1000401000EB801083000A480B49006803F551
:103B2000FB531C330125C5540D88AA42184488BF95
:103B30000C80F0BC704700BFCA2FFF1F582FFF1F1B
:103B4000CC2FFF1F502FFF1F4C2FFF1F428872B634
:103B50000378012B03D9013B037062B67047531100
:103B600070B40C4C0C4D54F823102E88D2434FF0F7
:103B7000004002F01F0220FA02F21143074A44F803
:103B80002310B34238BF2B801388013B138062B6E9
:103B900070BC7047582FFF1FCA2FFF1FCC2FFF1F6D
:103BA000C368B3B130B401E0DB688BB1187A9042DE
:103BB000FAD158685C7A006950F82450002DF3D18E
:103BC00040F82410087801300870DB68002BEDD134
:103BD00030BC7047437A8B4206D90369002253F800
:103BE000210043F82120704700207047037C23BB4D
:103BF0004368427A5B7A9A421FD830B472B604683E
:103C0000E3682BB3DA6832B119688C4216D01346D8
:103C1000DA68002AF8D1D8600023C360A37A0133A0
:103C2000A37202684168012313728A7A1A448A7265
:103C300042681372037462B630BC70475D684168B5
:103C40008D42E4D1198903899942F4D01346DFE704
:103C5000E060E1E7037C4BB34368427A5B7A9A42C7
:103C600024D872B60268D36803B3984202D11EE02A
:103C7000984202D0DB68002BFAD14368427A1B6974
:103C8000002143F822100268937A013B9372036883
:103C90009A7A02B91A724268937A013B9372436826
:103CA0009A7A02B91A720023037462B67047C36825
:103CB000D360E2E7084B1A785AB90848084910B4AB
:103CC000D0240470012210460A601A705DF8044B7B
:103CD00070470020704700BF542FFF1F40E400E0F2
:103CE00008E100E01A491B4A1B48F8B50B681B4D58
:103CF000046843F080730B60136843F001031360A2
:103D00002E6814B915E064699CB1237A002BFAD0AF
:103D100023682F681B68204698472B68E188DB1BC7
:103D20001B099AB28B42A28088BFE2806469002C92
:103D3000EBD10A4B0A4A1B6810880A4C9B1B1B09D3
:103D400099B28342218001D91180F8BDF8BD00BF2E
:103D5000FCED00E0001000E0482FFF1F041000E021
:103D6000C82FFF1FCE2FFF1FF0B572B699B902689A
:103D70008AB103790F2B0ED8284C218841FA03F51C
:103D8000ED070AD503F1007303F59063B2EB431F0F
:103D900003D162B6F0BD214C2188002341FA03F221
:103DA00012F0010207D00133102BF7D162B60022C6
:103DB00003710260F0BD01259D402943218062B658
:103DC000174E184D184FDFF868E0D9B2017134680A
:103DD00044F0020434602C6844F002042C60A6F520
:103DE000802640F28244A5F5802503F100733C60F3
:103DF00003F59063223E243D0C4C8EF800105B01CD
:103E000031702970217003601A605A609A60DA601C
:103E10001A615A619A61DA61F0BD00BFD02FFF1FAD
:103E2000408004403C800440008000401F800040EF
:103E30001A80004003790F2B12D80A4A10B413706D
:103E400072B6094904790A880123A34022EA0303D0
:103E50000B8062B6102200235DF8044B02710360F0
:103E6000704700BF1A800040D02FFF1F10B4EFF33F
:103E7000108272B6437F33B9017F012908D003292C
:103E800010D00123437702B962B65DF8044B704746
:103E9000114C2168A1B1114943610B68836108602D
:103EA0005861EEE70E4C216881B10E4943610B6801
:103EB0008361086058610C4B4FF080511960E0E756
:103EC000064B4161816120601860DAE7054B416172
:103ED000816120601860EEE7E42FFF1FE02FFF1FD5
:103EE000D42FFF1FD82FFF1F04ED00E070B5EFF3B4
:103EF000108272B60C4C206880B10C4E00254369CC
:103F0000236073B19D6102B962B6457783689847B3
:103F1000EFF3108272B620680028F0D102B962B6C1
:103F200070BD3360EFE700BFD42FFF1FD82FFF1FF6
:103F3000FFF7DCBF184A30B41468002C27D00368A0
:103F400021688B420ED2CB1A00218460C1602360AD
:103F5000E06010600223037530BC704711688B422B
:103F6000144608D3A2685B1A0360002AF6D1826067
:103F7000C460A060EEE7D268C2608460E060C5689B
:103F8000CB1A0222A8602360027530BC704784609F
:103F9000C4601060DEE700BFDC2FFF1FF8B5224EC3
:103FA00034682CB32368002B3AD1204F1D4604E01F
:103FB0003468ECB12368002B32D1A36803B1DD6013
:103FC00020693360036825751B68BB4221D1037FDC
:103FD0004560022BC46020D0FFF748FF6368002BC8
:103FE000E6D023602046FFF7A5FF3468002CE1D11E
:103FF000EFF3108372B60E4A00211068116003B906
:1040000062B628B18468FFF795FF20460028F9D1F1
:10401000F8BD224600219847E0E783689847DDE72E
:10402000013B2360E4E700BFDC2FFF1F990F000076
:10403000EC2FFF1F024A136801331360FFF7AEBF76
:10404000282EFF1FF8B572B106460F46144600250C
:10405000336817F8011B1B6830469847013C05443C
:10406000F6D12846F8BD1546FBE700BF10B503683A
:1040700014465B689847204610BD00BF0EB400B5DB
:1040800082B003AA52F8041B019202F08DFA02B02A
:104090005DF804EB03B0704708B5FCF74DFAFCF788
:1040A00089FA00F045FAFAE700EB83039842F0B58D
:1040B0000AD32DE050F8044B21F8024B83424FEA1B
:1040C000144422F8024B23D98C07F3D4A3F1080E31
:1040D000704512D250F8087B50F8046C340C24045C
:1040E000BDB244EA174445EA0645704541F8045B11
:1040F00042F8044BEED383420FD950F8044B21F819
:10410000024B83424FEA144422F8024BF5D8F0BD2B
:10411000A3F1080E7045DDD3F0BDF0BDF8B506463D
:1041200072B61B4B1B4F1C481C491A8804683D681B
:10413000002303603B6008780B7062B698B1184F9B
:1041400018483968DFF860E0C2F1400380FB0302E1
:10415000A2EBE3721144642202FB03F303EB11238D
:104160003960CEF800303DB1304600222946FFF7D5
:1041700017FD2846FFF7EAFC4CB1304621460122E4
:10418000FFF70EFD2046BDE8F840FFF7DFBCF8BDA5
:104190001C30FF1F1030FF1FF82FFF1F0C30FF1FB8
:1041A000581FFF1F56555555D013FF1F0B4B0C4979
:1041B0001B680C480C4AF0B5DFF840E00B4F0C4E82
:1041C0000C4D0D4C1B0ACEF8003000230B703B80C9
:1041D00033602B60236003601370F0BD581FFF1F16
:1041E0000C30FF1FF82FFF1F0430FF1F1C30FF1F74
:1041F0000830FF1FF02FFF1F1030FF1FD013FF1FCD
:10420000514B2DE9F04FB3F80080DFF850B14F4B20
:10421000DBF8004001221A704D4B83B08608C2467D
:104220001D68002C4ED0002D55D0002E5CD0C8F15A
:104230008007BE42C0F08380464B0193DFF82081A7
:10424000DFF814910FBBD8F80030002B37D1D9F824
:1042500000204B46002A32D1C8F800401D60FFF70D
:1042600021FC0446002845D0FFF71CFC0546002829
:1042700049D0374BCBF800401860002E33D07F2E4A
:104280004FF0000A4FF0800749D94FEA4A032A1D30
:10429000211D1A44194401983B46FFF705FF019A76
:1042A000D8F8003002EB8702F61B019223B9D9F847
:1042B0000020294B002ACFD0234B57441F8003B046
:1042C000BDE8F08FFFF7EEFB04460028F7D0CBF8EF
:1042D0000000002DA9D1FFF7E5FB05460028EED030
:1042E0001B4B1860A1E7B046174BA3F8008003B042
:1042F000BDE8F08F164BCBF800001860124B188009
:1043000003B0BDE8F08F2046FFF720FC104BCBF840
:1043100000501D600C4B1D8003B0BDE8F08FD046EF
:1043200053462A1D211D1A44194401983346FFF7AC
:10433000BBFE054B46441E8003B0BDE8F08F054A26
:1043400001924FEA4803ECE71C30FF1F0C30FF1FBF
:10435000F02FFF1FD413FF1FF82FFF1F0830FF1F80
:104360001030FF1F354A2DE9F04F13680133082B39
:1043700083B051D81360B02301934FF02C0A304919
:10438000DFF8D0B04FF000080868C8EB0A03002837
:1043900049D0BBF800E02B4AD2F80090CEF1800261
:1043A000934228BF1346051D4FEA4E0209F1040748
:1043B000154417444FEA88066BB1234A043E16445D
:1043C0001C4637F902CB35F8022B013C42EA0C427D
:1043D00046F8042FF5D19E44BEF17F0F984407D8CC
:1043E000ABF800E0C245CFD8019803B0BDE8F08F2C
:1043F0000091FFF7ABFB4846FFF7A8FB1348009975
:104400000368134A0B60002314680360ABF80030A4
:1044100013600C4B1C60E5E700231360B423019389
:104420004FF02D0AABE7084C01469A0004EB480018
:1044300001F0C6FD019803B0BDE8F08F681FFF1FB3
:10444000FC2FFF1F1430FF1F8814FF1F1830FF1FA1
:104450000030FF1FF42FFF1F0378A12B01D0002095
:104460007047C378012B12D0022BF8D14378812BEF
:1044700018D0822B1DD0832B0FD0842BEFD101209D
:10448000002308704B7002231360012070470B4813
:1044900040680870184613607047FF200F230870AB
:1044A0004B70F0E7054B986808709B681B124B70C7
:1044B000E9E700230B704B70E5E700BF5C1FFF1FAF
:1044C0000378212B01D000207047C3784078012B5E
:1044D0000ED0022BF7D10128F5D110B40B784C780F
:1044E000074A03EB0423936010605DF8044B7047A8
:1044F0000128E8D1024B0A7883E80500704700BF25
:104500005C1FFF1FFFF778B9FFF700B9FFF7DAB8B4
:10451000FFF714B9FFF740BAFFF71ABA0846114679
:10452000FFF786B90846FFF707BA00BF704700BF1C
:1045300038B52C4C237803B138BD01232370FFF725
:10454000FDF8002842D100F07BF800283BD100F0B4
:104550000DF9002834D100F09FF970BB00F018FA73
:1045600040BB00F091FA10BB00F00AFBE0B9002359
:104570002370EFF30583002BDED1EFF3108172B6C9
:10458000194B186828B3194C227812BB45691D6075
:10459000012323700DB3AA6101B962B600254577E6
:1045A000836898472570C7E700F0B8FBDFE700F0A5
:1045B000B3FBD9E700F0AEFBD3E700F0A9FBCDE7F2
:1045C00000F0A4FBC7E700F09FFBC0E7FFF7AEFFDA
:1045D000B9E70029B0D162B638BD054B1D6000298E
:1045E000DCD1DAE71E30FF1FE42FFF1FE82FFF1F8B
:1045F000E02FFF1FF0B44D1E2E46002400E00134D2
:10460000B0FBF2F302FB1300092800F130078ABF68
:104610003730F8B2C0B206F8010F1846002BEED1C1
:104620000A1953704CB1107815F8016F28700133D6
:10463000E01A834202F80169F5DB0846F0BC7047D6
:10464000054A064B10781B78C0B2DBB2984238BFDF
:104650004030C01A704700BF2430FF1F2530FF1FB5
:10466000F0B4384B1A7912F0300F2CD072B6997D15
:1046700001F0FF0200293DD062B6334F334938784C
:104680000D78334E1C46C0B2EDB2431C402BE1798D
:1046900028BF0023AB4202F1FF32C9B21CBFF15464
:1046A000184612F0FF02F0D12A4B1B68C2B23A70D2
:1046B0004BB1A84236BFC5F14005401B4019272821
:1046C000C4BF01221A701F49CA78D2B2150616D487
:1046D00052060DD51B4B1B795B0609D51E4B1F4996
:1046E0001B6800220A7003B11A70164B3C22DA7064
:1046F000F0BC70474022D9795A7462B6E3E70B796F
:104700001C06E5D5164B174E1C783378E4B2DBB2A5
:104710009C420ED0144D01E0A3420AD00133402B3D
:1047200028BF00230879E85CC0B2C871087D07285B
:10473000F2D9DBB2034933700B79180644BF7C23EE
:10474000CB70C5E700A006402430FF1F2530FF1FB7
:104750006830FF1F2030FF1FAC30FF1FA830FF1F45
:10476000B030FF1FA930FF1F2830FF1F054A064B3E
:1047700010781B78C0B2DBB2984238BF4030C01A04
:10478000704700BF2431FF1FB930FF1FF0B4384B12
:104790001A7912F0300F2CD072B6997D01F0FF0219
:1047A00000293DD062B6334F334938780D78334E07
:1047B0001C46C0B2EDB2431C402BE17928BF002358
:1047C000AB4202F1FF32C9B21CBFF154184612F0DD
:1047D000FF02F0D12A4B1B68C2B23A704BB1A8421B
:1047E00036BFC5F14005401B40192728C4BF012230
:1047F0001A701F49CA78D2B2150616D452060DD5C2
:104800001B4B1B795B0609D51E4B1F491B680022F9
:104810000A7003B11A70164B3C22DA70F0BC704774
:104820004022D9795A7462B6E3E70B791C06E5D5C4
:10483000164B174E1C783378E4B2DBB29C420ED094
:10484000144D01E0A3420AD00133282B28BF0023D6
:104850000879E85CC0B2C871087D0728F2D9DBB2DC
:10486000034933700B79180644BF7C23CB70C5E72E
:1048700000B006402431FF1FB930FF1FE430FF1F96
:10488000B430FF1F2831FF1FB830FF1F2C31FF1F2E
:104890002531FF1FBC30FF1F054A064B10781B78DF
:1048A000C0B2DBB2984238BF4030C01A704700BF78
:1048B0003431FF1F3531FF1F30B42B4B1A7994066A
:1048C0001FD52A48DA790378294901333F2B097823
:1048D000C8BF00238B42D2B203D0264CD9B2E254D7
:1048E0000170254A116861B1244A1278D2B293420C
:1048F00036BFC2F140029B1A9B18272BC4BF01236D
:104900000B70194AD378DBB2180611D45A060DD5AC
:10491000154B1B795B0609D5194B1A491B680022F8
:104920000A7003B11A70104B2C22DA7030BC704739
:1049300011790906EAD5144910480C780178C9B2F2
:104940008C420DD04A1C272A84BF00210A460F4DF5
:10495000054C98BFD1B2AA5CD2B2E2710170D5E722
:104960006C21D170D2E700BF00C006403431FF1F78
:104970003531FF1F6031FF1F3031FF1FA131FF1F95
:10498000A431FF1FA031FF1FA831FF1F3831FF1FC7
:10499000054A064B10781B78C0B2DBB2984238BF8C
:1049A0004030C01A704700BFB031FF1FB131FF1F48
:1049B00030B42B4B1A7994061FD52A48DA7903783C
:1049C000294901333F2B0978C8BF00238B42D2B25B
:1049D00003D0264CD9B2E2540170254A116861B166
:1049E000244A1278D2B2934236BFC2F140029B1AD7
:1049F0009B18272BC4BF01230B70194AD378DBB255
:104A0000180611D45A060DD5154B1B795B0609D52E
:104A1000194B1A491B6800220A7003B11A70104B17
:104A20002C22DA7030BC704711790906EAD5144996
:104A300010480C780178C9B28C420DD04A1C272A44
:104A400084BF00210A460F4D054C98BFD1B2AA5C25
:104A5000D2B2E2710170D5E76C21D170D2E700BF0C
:104A600000D00640B031FF1FB131FF1FDC31FF1F06
:104A7000AC31FF1F1D32FF1F2032FF1F1C32FF1FF2
:104A80002432FF1FB431FF1F054A064B10781B78F4
:104A9000C0B2DBB2984238BF4030C01A704700BF86
:104AA0002C32FF1F2D32FF1F30B42B4B1A79940686
:104AB0001FD52A48DA790378294901333F2B097831
:104AC000C8BF00238B42D2B203D0264CD9B2E254E5
:104AD0000170254A116861B1244A1278D2B293421A
:104AE00036BFC2F140029B1A9B18272BC4BF01237B
:104AF0000B70194AD378DBB2180611D45A060DD5BB
:104B0000154B1B795B0609D5194B1A491B68002206
:104B10000A7003B11A70104B2C22DA7030BC704747
:104B200011790906EAD5144910480C780178C9B200
:104B30008C420DD04A1C272A84BF00210A460F4D03
:104B4000054C98BFD1B2AA5CD2B2E2710170D5E730
:104B50006C21D170D2E700BF00A00E402C32FF1FA5
:104B60002D32FF1F5832FF1F2832FF1F9932FF1FBF
:104B70009C32FF1F9832FF1FA032FF1F3032FF1FF1
:104B8000054A064B10781B78C0B2DBB2984238BF9A
:104B90004030C01A704700BFA832FF1FA932FF1F64
:104BA00030B42C4B5A6894021FD52B48DA6803782E
:104BB0002A4901333F2B0978C8BF00238B4204D018
:104BC000274CD2B2D9B2E2540170264A116861B1C1
:104BD000254A1278D2B2934236BFC2F140029B1AE4
:104BE0009B18272BC4BF01230B701A4A9368180225
:104BF00002D55268110211D45A020DD5154B5B68CB
:104C00005B0209D5194B1A491B6800220A7003B1CF
:104C10001A70184B00221A6030BC7047164A1249AD
:104C200010780A78D2B290420DD00132272A84BF80
:104C300000200246114D074C98BFD0B2AA5CD2B2F8
:104C4000E2600870D8E70E480A4A00240121046097
:104C50001160D1E700400C40A832FF1FA932FF1FAE
:104C6000D432FF1FA432FF1F1533FF1F1833FF1F5D
:104C70001433FF1F580188431C33FF1FAC32FF1F42
:104C80005C01884310B584B072B6FDF771FC184A18
:104C9000184B19491160702280211A701A46197038
:104CA00013781B06FCD5154B1C68FDF77BFC62B620
:104CB000134B9C429CBF04EB840464002046114CBF
:104CC00001A90A22FFF796FC01A92046002311F84A
:104CD000012B01333AB10A2B20F8022FF7D116230A
:104CE000237004B010BD5B00DBB2237004B010BDB4
:104CF0000400024000000240000007410C00024096
:104D00007F969800B820FF1F704700BF704700BF14
:104D1000704700BF704700BF704700BF704700BFBB
:104D200081F0004102E000BF83F0004330B54FEA5C
:104D300041044FEA430594EA050F08BF90EA020FC9
:104D40001FBF54EA000C55EA020C7FEA645C7FEA5C
:104D5000655C00F0E2804FEA5454D4EB5555B8BF7F
:104D60006D420CDD2C4480EA020281EA030382EAF0
:104D7000000083EA010180EA020281EA0303362D82
:104D800088BF30BD11F0004F4FEA01314FF4801C55
:104D90004CEA113102D0404261EB410113F0004F67
:104DA0004FEA03334CEA133302D0524263EB43031E
:104DB00094EA050F00F0A780A4F10104D5F1200EBC
:104DC0000DDB02FA0EFC22FA05F2801841F1000117
:104DD00003FA0EF2801843FA05F359410EE0A5F1EB
:104DE00020050EF1200E012A03FA0EFC28BF4CF01C
:104DF000020C43FA05F3C01851EBE37101F00045D2
:104E000007D54FF0000EDCF1000C7EEB00006EEBDE
:104E10000101B1F5801F1BD3B1F5001F0CD3490868
:104E20005FEA30004FEA3C0C04F101044FEA4452BF
:104E300012F5800F80F09A80BCF1004F08BF5FEA46
:104E4000500C50F1000041EB045141EA050130BD26
:104E50005FEA4C0C404141EB010111F4801FA4F1C9
:104E60000104E9D191F0000F04BF01460020B1FA1E
:104E700081F308BF2033A3F10B03B3F120020CDA56
:104E80000C3208DD02F1140CC2F10C0201FA0CF034
:104E900021FA02F10CE002F11402D8BFC2F1200C99
:104EA00001FA02F120FA0CFCDCBF41EA0C0190404F
:104EB000E41AA2BF01EB0451294330BD6FEA040498
:104EC0001F3C1CDA0C340EDC04F11404C4F1200283
:104ED00020FA04F001FA02F340EA030021FA04F395
:104EE00045EA030130BDC4F10C04C4F1200220FAEC
:104EF00002F001FA04F340EA0300294630BD21FA2A
:104F000004F0294630BD94F0000F83F4801306BFEF
:104F100081F480110134013D4EE77FEA645C18BFE3
:104F20007FEA655C29D094EA050F08BF90EA020F7A
:104F300005D054EA000C04BF1946104630BD91EA72
:104F4000030F1EBF0021002030BD5FEA545C05D175
:104F50004000494128BF41F0004130BD14F58004B4
:104F60003CBF01F5801130BD01F0004545F0FE4128
:104F700041F470014FF0000030BD7FEA645C1ABF5D
:104F8000194610467FEA655C1CBF0B46024650EA94
:104F9000013406BF52EA033591EA030F41F40021C0
:104FA00030BD00BF90F0000F04BF0021704730B546
:104FB0004FF4806404F132044FF000054FF000011B
:104FC00050E700BF90F0000F04BF0021704730B5DC
:104FD0004FF4806404F1320410F0004548BF4042B1
:104FE0004FF000013EE700BF42004FEAE2014FEA06
:104FF00031014FEA02701FBF12F07F4393F07F4FE1
:1050000081F06051704792F0000F14BF93F07F4F12
:10501000704730B54FF4607401F0004521F0004155
:1050200020E700BF50EA010208BF704730B54FF0DB
:1050300000050AE050EA010208BF704730B511F0E0
:10504000004502D5404261EB41014FF4806404F118
:1050500032045FEA915C3FF4DCAE4FF003025FEA9A
:10506000DC0C18BF03325FEADC0C18BF033202EB22
:10507000DC02C2F1200300FA03FC20FA02F001FA7C
:1050800003FE40EA0E0021FA02F11444C1E600BF1B
:1050900070B54FF0FF0C4CF4E06C1CEA11541DBFCE
:1050A0001CEA135594EA0C0F95EA0C0F00F0DEF899
:1050B0002C4481EA030621EA4C5123EA4C5350EA7E
:1050C000013518BF52EA033541F4801143F48013CF
:1050D00038D0A0FB02CE4FF00005E1FB02E506F060
:1050E0000042E0FB03E54FF00006E1FB03569CF0B5
:1050F000000F18BF4EF0010EA4F1FF04B6F5007FBB
:1051000064F5407404D25FEA4E0E6D4146EB06062C
:1051100042EAC62141EA55514FEAC52040EA5E50B5
:105120004FEACE2EB4F1FD0C88BFBCF5E06F1ED85F
:10513000BEF1004F08BF5FEA500E50F1000041EB96
:10514000045170BD06F0004646EA010140EA020043
:1051500081EA0301B4EB5C04C2BFD4EB0C0541EA65
:10516000045170BD41F480114FF0000E013C00F37A
:10517000AB8014F1360FDEBF002001F0004170BD9E
:10518000C4F10004203C35DA0C341BDC04F11404B7
:10519000C4F1200500FA05F320FA04F001FA05F243
:1051A00040EA020001F0004221F0004110EBD37010
:1051B00021FA04F642EB06015EEA430E08BF20EA3C
:1051C000D37070BDC4F10C04C4F1200500FA04F3DF
:1051D00020FA05F001FA04F240EA020001F0004171
:1051E00010EBD37041F100015EEA430E08BF20EAE4
:1051F000D37070BDC4F1200500FA05F24EEA020E2C
:1052000020FA04F301FA05F243EA020321FA04F05A
:1052100001F0004121FA04F220EA020000EBD37011
:105220005EEA430E08BF20EAD37070BD94F0000F11
:105230000FD101F00046400041EB010111F4801F45
:1052400008BF013CF7D041EA060195F0000F18BFF6
:10525000704703F00046520043EB030313F4801F32
:1052600008BF013DF7D043EA0603704794EA0C0FEC
:105270000CEA135518BF95EA0C0F0CD050EA410602
:1052800018BF52EA4306D1D181EA030101F000417F
:105290004FF0000070BD50EA410606BF10461946A7
:1052A00052EA430619D094EA0C0F02D150EA0136B3
:1052B00013D195EA0C0F05D152EA03361CBF1046F4
:1052C00019460AD181EA030101F0004141F0FE4193
:1052D00041F470014FF0000070BD41F0FE4141F417
:1052E000780170BD70B54FF0FF0C4CF4E06C1CEA17
:1052F00011541DBF1CEA135594EA0C0F95EA0C0FCC
:1053000000F0A7F8A4EB050481EA030E52EA033586
:105310004FEA013100F088804FEA03334FF08055A7
:1053200045EA131343EA12634FEA022245EA1115D4
:1053300045EA10654FEA00260EF000419D4208BF85
:10534000964244F1FD0404F5407402D25B084FEA32
:105350003202B61A65EB03055B084FEA32024FF4DE
:1053600080104FF4002CB6EB020E75EB030E22BF3B
:10537000B61A754640EA0C005B084FEA3202B6EBFB
:10538000020E75EB030E22BFB61A754640EA5C00AA
:105390005B084FEA3202B6EB020E75EB030E22BF3A
:1053A000B61A754640EA9C005B084FEA3202B6EB3B
:1053B000020E75EB030E22BFB61A754640EADC00FA
:1053C00055EA060E18D04FEA051545EA16754FEA5C
:1053D00006164FEAC30343EA52734FEAC2025FEA7A
:1053E0001C1CC0D111F4801F0BD141EA00014FF009
:1053F00000004FF0004CB6E711F4801F04BF0143DA
:105400000020B4F1FD0C88BFBCF5E06F3FF6AFAEF5
:10541000B5EB030C04BFB6EB020C5FEA500C50F185
:10542000000041EB045170BD0EF0004E4EEA113108
:1054300014EB5C04C2BFD4EB0C0541EA045170BD0F
:1054400041F480114FF0000E013C90E645EA060E53
:105450008DE60CEA135594EA0C0F08BF95EA0C0F81
:105460003FF43BAF94EA0C0F0AD150EA01347FF4C9
:1054700034AF95EA0C0F7FF425AF104619462CE7A0
:1054800095EA0C0F06D152EA03353FF4FDAE104603
:10549000194622E750EA410618BF52EA43067FF454
:1054A000C5AE50EA41047FF40DAF52EA43057FF4E4
:1054B000EBAE12E74FF0FF3C06E000BF4FF0010CEF
:1054C00002E000BF4FF0010C4DF804CD4FEA410C53
:1054D0007FEA6C5C4FEA430C18BF7FEA6C5C1BD020
:1054E00001B050EA410C0CBF52EA430C91EA030FA1
:1054F00002BF90EA020F0020704710F1000F91EAFE
:10550000030F58BF994208BF90422CBFD8176FEACB
:10551000E37040F0010070474FEA410C7FEA6C5C99
:1055200002D150EA013C07D14FEA430C7FEA6C5CA0
:10553000D6D152EA033CD3D05DF8040B704700BFCC
:105540008446104662468C461946634600E000BF1A
:1055500001B5FFF7B7FF002848BF10F1000F01BDEC
:105560004DF808EDFFF7F4FF0CBF012000205DF8B7
:1055700008FB00BF4DF808EDFFF7EAFF34BF01203C
:1055800000205DF808FB00BF4DF808EDFFF7E0FFD5
:1055900094BF012000205DF808FB00BF4DF808ED26
:1055A000FFF7CEFF94BF012000205DF808FB00BF8D
:1055B0004DF808EDFFF7C4FF34BF012000205DF86F
:1055C00008FB00BF4FEA410C7FEA6C5C02D150EA55
:1055D000013C0AD14FEA430C7FEA6C5C02D152EAEB
:1055E000033C02D14FF0000070474FF001007047BC
:1055F0002DE9F0478C460E460446089D002B50D1FD
:105600008A4217466CD9B2FA82FEBEF1000F0BD067
:10561000CEF1200420FA04F401FA0EF644EA060C56
:1056200002FA0EF700FA0EF44FEA1749220CBCFBFF
:10563000F9F01FFA87F809FB10C642EA064600FB9C
:1056400008F3B34209D9F61900F1FF3280F0228144
:10565000B34240F21F8102383E44F61AA2B2B6FBB2
:10566000F9F309FB136642EA064403FB08F8A04578
:1056700009D9E41903F1FF3280F00A81A04540F214
:105680000781023B3C44C8EB040443EA004000218C
:10569000002D62D024FA0EF400232C606B60BDE86C
:1056A000F0878B4207D9002D55D0002185E84100B5
:1056B0000846BDE8F087B3FA83F1002940F09080F6
:1056C000B34202D3824200F2F880841A66EB0306EA
:1056D0000120B446002D40D085E81010BDE8F087C9
:1056E00012B90127B7FBF2F7B7FA87FEBEF1000F38
:1056F00035D1F31B4FEA17481FFA87FC0121B3FB92
:10570000F8F0220C08FB103642EA06460CFB00F3C8
:10571000B34207D9F61900F1FF3202D2B34200F2C8
:10572000CE801046F61AA2B2B6FBF8F308FB136659
:1057300042EA06440CFB03FCA44507D9E41903F133
:10574000FF3202D2A44500F2B5801346CCEB04042C
:1057500043EA00409CE729462846BDE8F087CEF1A1
:10576000200106FA0EF307FA0EF720FA01F94FEAC4
:105770001748CE4049EA0309B6FBF8FA4FEA194444
:1057800008FB1A661FFA87FC44EA06430AFB0CF280
:105790009A4200FA0EF40AD9DB190AF1FF3180F0BF
:1057A00087809A4240F28480AAF1020A3B449B1A05
:1057B0001FFA89F9B3FBF8F108FB113349EA0343F7
:1057C00001FB0CF69E4207D9DB1901F1FF326BD2C7
:1057D0009E4269D902393B449B1B41EA0A418EE74C
:1057E000C1F1200E22FA0EF48B40234320FA0EF76B
:1057F00006FA01F44FEA134C26FA0EF63C43B6FBC8
:10580000FCF9270C0CFB19661FFA83F847EA0646D9
:1058100009FB08F7B74202FA01F200FA01FA08D9C7
:10582000F61809F1FF3041D2B7423FD9A9F1020978
:105830001E44F61BA0B2B6FBFCF40CFB146640EA57
:10584000064704FB08F8B84507D9FF1804F1FF30F4
:1058500028D2B84526D9023C1F4444EA0940C8EB87
:105860000707A0FB02894F4544464E4614D329D072
:1058700065B3BAEB040367EB060707FA0EFECB40ED
:10588000CF404EEA030385E888000021BDE8F08799
:105890001346F8E61046E0E6B8EB020469EB0306AF
:1058A0000138E5E70446D8E7114695E78146C0E7A9
:1058B0008A467CE7023B3C4448E708460AE7023850
:1058C0003E442FE7C245E7D33E46D1E72946BDE82F
:1058D000F08700BF704700BF0B460146184600F036
:1058E00001B800BF13460A460146022000F08CBEF4
:1058F000014B1868704700BFF824FF1F70B50F4EAA
:105900000F4D761BB61018BF002405D0013455F892
:10591000043B9847A642F9D10A4E0B4D761B04F082
:105920002FFBB61018BF002406D0013455F8043BF5
:105930009847A642F9D170BD70BD00BF8C9F000092
:105940008C9F0000D89F00008C9F0000024B0146F6
:10595000186800F003B800BFF824FF1F2DE9F04FCE
:1059600001F10B05162D83B0064640F29F8035F0FD
:10597000070500F1BF80A94200F2BC8000F06EFB79
:10598000B5F5FC7FC0F09C826B0A00F0BA80042B56
:1059900000F28381A80900F1390E4FEA4E03383036
:1059A000C44F07EB8303A3F108015C68A14207D150
:1059B000ACE0002A80F2AC80E468A14200F0A6804E
:1059C000636823F003035A1B0F2AF2DDB9493C69CF
:1059D00001F1080E744500F0B381636823F00303FE
:1059E0005A1B0F2A00F39981002AC1F814E0C1F86C
:1059F00010E080F29E80B3F5007F80F06781DB08C5
:105A000003F1010C01229B1002FA03F34A6851F8DA
:105A10003C80C4F8088001EBCC091A43A9F10803C3
:105A2000E3604A6041F83C40C8F80C408310012410
:105A30009C40944200F28A80144206D120F0030078
:105A40006400144200F10400FAD007EBC009CC4610
:105A50008046DCF80C108C4507D173E1002A80F2F7
:105A60008181C9688C4500F06D814B6823F0030388
:105A70005A1B0F2AF2DD0C46D1F80CC054F8088FDF
:105A80004B1945F001054D6042F00101C8F80CC00A
:105A90003046CCF808807B613B61C3F80CE0C3F86A
:105AA00008E059609A5000F0DBFA1FE0102921D875
:105AB00000F0D4FA1025062302207E4F07EB830363
:105AC000A3F108025C68944200F045816368E168D4
:105AD000A56823F00303234430465A68E96042F086
:105AE00001028D605A6000F0BBFA0834204603B012
:105AF000BDE8F08F00240C232046336003B0BDE8DE
:105B0000F08F80234FF0400E3F2049E770465DE75D
:105B10002344E1685A68A56842F00102E960304612
:105B20008D605A6000F09CFA0834204603B0BDE84E
:105B3000F08F234430465A6842F001025A6000F068
:105B40008FFA0834204603B0BDE8F08FBC68636864
:105B500023F00308A84504D3C5EB08030F2B00F37B
:105B60008C80554BDFF860911A68D9F8003001330A
:105B70002A4404EB080A00F0608102F580520F32DB
:105B800022F47F6222F00F0211463046019200F0AB
:105B900059FCB0F1FF3F8346019A00F058818245DD
:105BA00000F2FC80454B1968DA451144196000F099
:105BB0005381D9F80000DFF810E101301BBFCAEBB8
:105BC0000B0A5144CEF800B019601BF0070100F039
:105BD0001781C1F10800C1F58051834408315A444E
:105BE000C2F30B02C2EB010949463046019300F0B3
:105BF00029FC431C019B00F03F81CBEB00024A448F
:105C000042F001021968C7F808B04944BC42CBF819
:105C100004201960DFF8A49016D0B8F10F0F40F2FD
:105C2000FD806268A8F10C0323F00703E01802F07E
:105C300001024FF0050E1A430F2B6260C0F804E01A
:105C4000C0F808E000F21C811D4BBC681A68914244
:105C500088BF19601B4B1A689142626888BF19603F
:105C600022F003029542A2EB050301D80F2B04DCBE
:105C7000304600F0F5F9002438E7621943F00103DB
:105C800045F0010565603046BA60536000F0E8F900
:105C90000834204603B0BDE8F08F142B71D9542B83
:105CA00000F2A480280B00F16F0E4FEA4E036E3015
:105CB00076E600BF6826FF1F2833FF1F2C33FF1F27
:105CC0002433FF1F2033FF1F742AFF1F5A0A042AA0
:105CD0005ED9142A00F2B38002F15C0149005B3204
:105CE00007EB810C57F82110DFF8DC81ACF1080CD0
:105CF0008C4500F088804A6822F00302934202D269
:105D000089688C45F7D1D1F80CC07A68C4F80CC00A
:105D1000A160CCF80840CC6088E6631942F0010726
:105D200045F00105656030464B610B61C3F80CE03E
:105D3000C3F808E05F609A50083400F091F9D5E6A6
:105D40004A6873E608F1010818F0030F0CF1080C1B
:105D50007FF47FAE30E0DC68A34208BF02303FF43E
:105D600035AEB3E60B440C465A68C96854F8085F70
:105D700042F001025A603046E9608D6000F070F92F
:105D8000B4E603F15C0E03F15B004FEA4E0307E655
:105D90009A0902F1390149003832A1E7BC424A4B65
:105DA0003FF400AF9C68626822F003025AE759F89A
:105DB0000839994540F0828010F0030F00F1FF3060
:105DC000F5D17B6823EA04037B6064009C423FF6C4
:105DD000BDAE002C3FF4BAAE1C4240467FF435AE57
:105DE00064001C4200F10400FAD02EE6B3F5AA7F4D
:105DF00018D8E80B00F1780E4FEA4E037730CFE564
:105E00004FF48051EBE60121D8F80430921001FAEA
:105E100002F21A43C8F80420614677E70123CBF861
:105E2000043025E740F25452934220D8A80C00F1E8
:105E30007D0E4FEA4E037C30B2E51032A4E6542AC0
:105E400026D81A0B02F16F0149006E3248E7BC6890
:105E5000626822F0030205E7CAF30B0000287FF412
:105E6000A8AE4244BB6842F001025A60ECE6FE2351
:105E70004FF07F0E7E2093E501224FF00009C1E62E
:105E800004F10801304600F083FCD9F80010DBE68D
:105E9000B2F5AA7F05D8DA0B02F178014900773212
:105EA0001EE740F254518A4205D89A0C02F17D0156
:105EB00049007C3214E7FE217E2211E77B6884E7EB
:105EC000E808431C5B00F8E56826FF1F82B049B173
:105ED0005AB16BB113780B601278101C18BF0120F7
:105EE00002B0704701A9002AF3D1104602B07047F2
:105EF0006FF00100F4E700BF8842F0B50DD98B18B0
:105F000098420AD28118002A51D09A1A13F8014DEA
:105F100001F8014D9342F9D1F0BD0F2A48D941EA69
:105F200000039B0746D100F1100401F11003154650
:105F300053F8106C44F8106C53F80C6C44F80C6C6B
:105F400053F8086C44F8086C103D53F8046C44F89E
:105F5000046C0F2D03F1100304F11004E8D8A2F132
:105F6000100323F00F0302F00F0E1033BEF1030FE6
:105F70001944034421D91E1F0D467446043C55F8AC
:105F8000047B46F8047F032CF8D8AEF1040424F017
:105F9000030404342344214402F0030262B1013BB0
:105FA0000A4411F8014B03F8014F8A42F9D1F0BDC0
:105FB0000346F3E70346F2E7F0BD7246EEE700BFA3
:105FC00070B4840746D0541E002A41D0CDB2034697
:105FD00002E0621EE4B3144603F8015B9A07F8D1AD
:105FE000032C2ED9CDB245EA05250F2C45EA0545EF
:105FF00019D903F110022646103E0F2E42F8105C0C
:1060000042F80C5C42F8085C42F8045C02F11002B1
:10601000F2D8A4F1100222F00F0204F00F041032A3
:10602000032C13440DD91E462246043A032A46F88F
:10603000045BFAD8221F22F003020432134404F056
:1060400003042CB1C9B21C4403F8011BA342FBD1C9
:1060500070BC704714460346C2E700BF704700BFDC
:10606000704700BF2DE9F04F174683B0002900F0BC
:10607000C1800E46814607F10B05FFF7EFFF56F88A
:1060800004EC162D2EF00304A6F1080840D81022C7
:106090001546AF4241D8944275DAC94B996808EB6E
:1060A00004008842416800F0D98021F001030344D4
:1060B0005B68DB077DD51EF0010F35D039464846B9
:1060C000FFF74CFC0746E0B156F8043C23F001030F
:1060D0004344A0F108029A4200F04481221F242A7E
:1060E00000F23181132A00F204810346324611681E
:1060F00019605168596092689A603146484600F0CC
:1061000047FB4846FFF7ACFF384603B0BDE8F08FC9
:1061100025F00705002D2A46BBDA0C230020C9F81C
:10612000003003B0BDE8F08F56F8083CC3EB080A16
:10613000DAF8043023F0030C04EB0C039342BDDBCC
:106140005746DAF80C1057F8080F221F242AC160AE
:10615000886000F21781132A40F212813168CAF870
:1061600008107168CAF80C101B2A00F22B8108363F
:106170000AF110023168116071685160B168916074
:106180003E461C46D046631B0F2B1DD8D8F8043062
:1061900003F0010323434444C8F80430636843F028
:1061A000010363604846FFF75BFF304603B0BDE87C
:1061B000F08F21F003012144914221DBC368826802
:1061C0000C46D3609A60DEE7D8F8042008EB05019E
:1061D00002F00102154343F001020B44C8F80450D9
:1061E0004A605A6842F0010208315A60484600F09D
:1061F000CFFAD7E7114603B0BDE8F04FFFF7AEBBCB
:106200001EF0010F7FF45AAF56F8083CC3EB080AA2
:10621000DAF8043023F0030C01EB0C0E96458BDB0F
:10622000C36882685746D3609A6057F8081FDAF847
:106230000C30CB60221F242A996000F29980132A27
:1062400062D93368CAF808307368CAF80C301B2A60
:1062500000F2A08008360AF1100356E021F0030B8B
:10626000A34405F11000834559DA1EF0010F7FF4B5
:1062700025AF56F8081CC1EB080ADAF8041021F023
:10628000030CE34458453FF757AF5746DAF80C1074
:1062900057F8080F221F242AC160886000F2B480DA
:1062A000132A40F2A5803168CAF808107168CAF84C
:1062B0000C101B2A00F2AF8008360AF11002316878
:1062C000116071685160B16891600AEB0501C5EB1E
:1062D0000B0242F0010299604A60DAF8043003F0E0
:1062E00001031D434846CAF80450FFF7B9FE38467B
:1062F0005CE733680360736843601B2A27D800F1AA
:10630000080306F10802F2E63B4632681A6072683A
:106310005A60B2689A603E467446D04633E708EB4E
:106320000501C5EB0B0B4BF0010299604A6056F872
:10633000043C03F001031D43484646F8045CFFF7A4
:106340008FFE304632E73146FFF7D6FDD5E6B3681B
:106350008360F368C360242A28D000F1100306F19B
:106360001002C4E650F8043C23F003031C440AE77F
:10637000314638467446D046FFF7BEFD3E4602E73A
:106380003A46F7E6314638461C46D046FFF7B4FD9C
:106390003E46F8E6B368CAF81030F368CAF814301D
:1063A000242A1BD010360AF11803AEE733690361C3
:1063B0007369436106F1180200F1180397E600BF04
:1063C0006826FF1FB168CAF81010F168CAF81410E7
:1063D000242A0FD010360AF11802CBE63369CAF826
:1063E00018307369CAF81C3018360AF120038CE79C
:1063F0003A4664E73269CAF818207269CAF81C2064
:1064000018360AF12002B5E6314638460193FFF707
:1064100073FD019B59E7B168CAF81010F168CAF81A
:106420001410242A03D010360AF1180247E7326903
:10643000CAF818207269CAF81C2018360AF120021E
:106440003DE700BF38B5074C0023054608462360EA
:10645000FCF776F8431C00D038BD2368002BFBD036
:106460002B6038BD6C33FF1FFFFFFFFFFFFFFFFFF7
:10647000FFFFFFFFFFFFFFFFFFFFFFFFFFFFFFFF2C
:1064800090F800F06DE9024520F007016FF0000C74
:1064900010F0070491F820F040F049804FF000041C
:1064A0006FF00700D1E9002391F840F000F10800F7
:1064B00082FA4CF2A4FA8CF283FA4CF3A2FA8CF32F
:1064C0004BBBD1E9022382FA4CF200F10800A4FA96
:1064D0008CF283FA4CF3A2FA8CF3E3B9D1E90423EA
:1064E00082FA4CF200F10800A4FA8CF283FA4CF321
:1064F000A2FA8CF37BB9D1E9062301F1200182FADB
:106500004CF200F10800A4FA8CF283FA4CF3A2FAE0
:106510008CF3002BC6D0002A04BF04301A4612BAEE
:10652000B2FA82F2FDE8024500EBD2007047D1E9F1
:10653000002304F00305C4F100004FEAC50514F080
:10654000040F91F840F00CFA05F562EA05021CBF51
:1065500063EA050362464FF00004A9E7F0B5ADF524
:10656000057D04AD00930F4613464FF4007403AA53
:1065700029460394064600F065FD88B104460246AC
:106580003946039B304600F029F8AC42039004D012
:106590003046214600F0FCF803980DF5057DF0BD6E
:1065A0004FF0FF30F9E700BF10B4044C13460A4621
:1065B000014620685DF8044BFFF7D0BFF824FF1FA9
:1065C00021B1FF2A04D80A7001207047084670479D
:1065D0008A2303604FF0FF30704700BF70B50D464F
:1065E000084C114606461A46284600232360FDF74C
:1065F0003DFD431C00D070BD2368002BFBD03360F1
:1066000070BD00BF6C33FF1F2DE9F047254C256896
:10661000D5F848410646884692469946C4B3606814
:106620001F2817DC431C76B104EB80050122C5F856
:1066300088A0D4F8881182401143022EC4F8881132
:10664000C5F808911ED00230636044F82080002015
:10665000BDE8F087144B03B34FF4C870FFF776F929
:106660000446D0B1D5F84831002780E88800C5F845
:10667000484138460123C4F88871C4F88C71002E53
:10668000E1D0D1E7D4F88C110A43C4F88C21DAE7C1
:1066900005F5A674C5F84841C1E74FF0FF30BDE8E5
:1066A000F08700BFF49C00004D590000024B13B16D
:1066B000024800F005B8704700000000CD660000F9
:1066C000002301461A461846FFF79EBF38B5074D0E
:1066D000074C2C1BA41005D0013C55F8043D9847ED
:1066E000002CF9D1BDE8384003F076BC0000000072
:1066F00000000000F8B5234F0C460646FFF7AEFC3D
:10670000BB685D6825F00305291B01F6EF7121F4D4
:106710007F6121F00F01A1F58054B4F5805F07DBA4
:1067200000213046FFF78EFEBB682B44984204D010
:106730003046FFF795FC0020F8BD61423046FFF778
:1067400081FE01300DD0104BBA6819682D1B45F041
:1067500001053046091B55601960FFF781FC0120D7
:10676000F8BD00213046FFF76DFEBA68831A0F2B83
:10677000DEDD064C0449246843F00103001B53602E
:106780000860D5E76826FF1F2C33FF1F742AFF1F00
:10679000002945D02DE9F0410D468046FFF75EFC0B
:1067A00055F8047C6A4927F00103A5F10804E218B2
:1067B0008E685068B24220F0030062D0FE0750603D
:1067C0000BD455F8087CE41B01F1080EA56875454B
:1067D0003B446FD0E768EF60BD6015186D68ED074A
:1067E00042D543F001026260E350B3F5007F18D256
:1067F000DB085A1C4D6851F83270A76001209B10CD
:1068000000FA03F301EBC2001D430838E0604D605D
:1068100041F83240FC604046BDE8F041FFF720BC43
:1068200070475A0A042A53D89A0902F139077F009F
:1068300002F1380501EB870051F827204449083858
:1068400090424DD0516821F003018B4202D29268F0
:106850009042F7D1D068E060A2608460D460404686
:10686000BDE8F041FFF7FCBB95683A4FBD420344D9
:106870003FD0D068E86043F0010285606260E35079
:10688000B3E7FF07034407D455F8082CA41A1344B0
:10689000A068E268C26090602F4A126843F001006D
:1068A000934260608C60B6D32C4B40461968FFF76A
:1068B00021FFB0E711184968C90744D49168D2682C
:1068C000CA60034443F0010091606060E350A2E7B6
:1068D000142A17D802F15C077F0002F15B05A9E7D3
:1068E000AA104B68012505FA02F213434B600246D9
:1068F000B1E743F001024C610C61E560A5606260A4
:10690000E35088E7542A06D81A0B02F16F077F007C
:1069100002F16E058EE7B2F5AA7F06D8DA0B02F116
:1069200078077F0002F1770584E740F254508242F5
:1069300006D89A0C02F17D077F0002F17C0579E709
:10694000FE277E2576E743F001026260E35062E7AE
:106950006826FF1F7026FF1F702AFF1F2833FF1FA6
:10696000044A054B1268506B002808BF1846F030E7
:10697000704700BFF824FF1FFC24FF1FFFFFFFFF2D
:1069800001F0FF01102A2BDB10F0070F08D010F8E0
:10699000013B013A8B422DD010F0070F42B3F6D1E4
:1069A000F0B441EA012141EA014122F007047FF0FD
:1069B00000070023F0E80256083C85EA010586EA54
:1069C000010685FA47F5A3FA87F586FA47F6A5FA90
:1069D00087F68EB9EED1F0BC01F0FF0102F007029C
:1069E00032B110F8013B013A83EA010313B1F8D147
:1069F0000020704701387047002D06BF3546033828
:106A0000073815F0010F07D1013015F4807F02BF60
:106A1000013015F4C03F0130F0BC0138704700BFB1
:106A2000C36C70B505460C464BB153F8240080B1D9
:106A3000026843F8242000230361C36070BD212253
:106A4000042100F02FFBE86403460028EDD100206C
:106A500070BD012101FA04F6721D2846920000F073
:106A600021FB0028F3D044608660E4E731B1C36CB9
:106A70004A6853F82200086043F82210704700BFAC
:106A8000F0B50C6983B00D46064601F1140E0027DF
:106A9000DEF8000081B202FB01310B0C000C02FB9E
:106AA000003389B2013701EB0341BC424EF8041BAD
:106AB0004FEA1343ECDC3BB1AA68944207DA05EBDA
:106AC0008402013453612C61284603B0F0BD69682B
:106AD000019301313046FFF7A3FF2A69023205F125
:106AE0000C01074692000C30FBF7F0FBF26C696872
:106AF000019B52F82100286042F821503D46DEE714
:106B0000030C1B04B3B90004102310F07F4F04BF23
:106B10000002083310F0704F04BF0001043310F07E
:106B2000404F04BF80000233002807DB420003D43B
:106B3000202070470023E8E7581C7047184670472C
:106B4000036813F0070207D0D90720D49A0720D48E
:106B50009B0803600220704799B209B91B0C1022F0
:106B600013F0FF0F04BF1B0A0832190704BF1B09EB
:106B70000432990704BF9B080232D90704D45B088A
:106B800001D1202070470132036010467047002079
:106B900070475B0803600120704700BF10B50C46CA
:106BA0000121FFF73DFF01224461026110BD00BFDA
:106BB0002DE9F04F0D691769BD4283B00C461646AA
:106BC00004DA2A4634463D460E461746A3686168F5
:106BD00005EB07089845C8BF0131FFF721FF00F119
:106BE000140C0CEB8809CC45009005D263460021BB
:106BF00043F8041B9945FBD806F1140202EB870AFF
:106C000004F11403524503EB850E54D2CDF80490E1
:106C1000994652F8043B1FFA83FBBBF1000F20D0CA
:106C200000204F466646054600E01E4657F8044BD6
:106C30003068A1B283B20BFB0131240C000C4B195C
:106C40000BFB040000EB134099B2334641EA0041CC
:106C5000BE454FEA104543F8041BE6D8756052F86C
:106C6000043C5FEA134B20D0DCF80030674618463E
:106C70004D46002100E037462C88000C0BFB040039
:106C800001449CB23E4644EA014346F8043B78681E
:106C900055F8044B83B2240C0BFB043404EB114372
:106CA000AE454FEA1341E6D87B6092450CF1040CE7
:106CB000AFD8DDF80490B8F1000F0BDD59F8043CB3
:106CC000A9F104091BB105E059F8043D13B9B8F165
:106CD0000108F9D10098C0F8108003B0BDE8F08F2A
:106CE00012F003032DE9F041144607462ED10E465B
:106CF000A4101CD0BD6C95B3E3074FF0000806D478
:106D0000641014D02868A8B10546E307F8D52A46D0
:106D100031463846FFF74CFFB6B17268FB6C641021
:106D200053F82210316043F822600646EAD130461B
:106D3000BDE8F0812A4629463846FFF739FF28602A
:106D4000C0F800800546E0E70646D9E75A1E0B4D1D
:106D5000002355F82220FFF793FE0646C8E70121DD
:106D60003846FFF75DFE40F27121012200234161A8
:106D700002610546B8640360BEE700BF009F0000E3
:106D80002DE9F04791460A698B684FEA691404EBD4
:106D9000020808F101059D420E468246496804DD5D
:106DA0005B009D4201F10101FADC5046FFF738FE1D
:106DB000002C00F1140238DD02EB8403002142F8BC
:106DC000041B9342FBD1346906F1140119F01F0929
:106DD00001EB840E21D0C9F1200200240F6807FACC
:106DE00009FC4CEA04049C4643F8044B51F8044B5C
:106DF0008E4524FA02F4F1D8CCF804400CB108F125
:106E00000205DAF84C307268013D53F82210056132
:106E1000316043F82260BDE8F087043B51F8042B51
:106E200043F8042F8E45F9D8EBE71346CBE700BFB4
:106E300002690B69D21A13D19B0014301431194422
:106E400010B4034401E098420CD253F8044D51F8B9
:106E5000042D9442F7D009D301205DF8044B70470C
:106E60001046704700205DF8044B70474FF0FF302C
:106E7000F3E700BF2DE9F8430B690F4611695B1A70
:106E8000002B904617D1890007F1140208F1140570
:106E90005318294401E09A425ED253F8046D51F828
:106EA000044DA642F7D060D23B46144647464FF009
:106EB0000109984606E05DDB07F1140502F11404B0
:106EC0004FF000097968FFF7ABFDD8F810303E6944
:106ED000C0F80C9004EB830CA64605EB860700F186
:106EE000140400235EF8041B55F8048B8AB213FACD
:106EF00088F3090C9A1AC1EB184303EB224392B2B0
:106F000042EA0342F44544F8042B4FEA2343E9D80C
:106F1000AF4217D9A446294651F804EB13FA8EF272
:106F2000131403EB1E4392B242EA03428F424CF821
:106F3000042B4FEA2343EFD8ED433D4425F00305EE
:106F400004352C44043C22B954F8043D013E002B86
:106F5000FAD00661BDE8F8830021FFF761FD012248
:106F6000002302614361BDE8F8832C464FF000091D
:106F70001546A7E73B4607F1140408F114054746F8
:106F80004FF0010998469DE72DE9F04357EC106B4F
:106F900083B0884601213C46C7F30A551746FFF7E0
:106FA0003FFDC4F3130481460DB144F480140194F1
:106FB0001EB302A840F8086DFFF7C2FD002834D1C7
:106FC0009DE80C00C9F81420002B0CBF0121022100
:106FD000C9F81830C9F81010DDB909EB8103A0F227
:106FE0003240C8F800001869FFF78AFDC0EB411075
:106FF0003860484603B0BDE8F08301A8FFF7A0FD64
:10700000019BC9F8143001212030C9F81010002D5F
:10701000E3D0A5F233450544C0F13500C8F800506F
:107020003860484603B0BDE8F0839DE80C00C0F12D
:10703000200103FA01F10A43C3400193C9F8142067
:10704000C2E700BF70B515469AB0146809B1002CAC
:107050001AD100244FF42272ADF80C20009404944D
:107060001A464FF6FF761E9B029469460594ADF8CA
:107070000E6000F0F9FF002811DB009B2860002261
:107080001A7004981AB070BD4FF4C1620091049157
:10709000ADF80C20E4DA8B2303600020F2E7002037
:1070A000F0E700BF10B502FB01F1FEF757FC044604
:1070B000D8B150F8042C22F00302043A242A18D83C
:1070C000132A14D900231B2A0360436016D9242AEB
:1070D0008360C36011BF00F110020361436100F1DE
:1070E00018020023136053609360204610BD0246CF
:1070F000F7E70021FEF764FF204610BD00F108020B
:10710000EFE700BF02690B69934200F38D802DE920
:10711000F04F03F1FF3801F1140700F1140B57F899
:1071200028205BF828304FEA880483B00132B3FB93
:10713000F2F90BEB0403009407EB040A0193B9F195
:10714000000F39D00025BC46DE462B465CF8046BA8
:10715000DEF80020B4B209FB0455360C2C0C09FBF8
:107160000644ADB25B1BA6B213FA82F3C6EB12461D
:1071700006EB23469BB243EA0643E2454EF8043B46
:107180004FEA14454FEA2643E0D2009B5BF80330F8
:1071900093B9019C231F9B450CD254F8043C4BB976
:1071A000A4F1080302E01A68043B1AB99B4508F1F0
:1071B000FF38F8D3C0F810800446FFF739FE0028E6
:1071C0002EDB09F101095D46002357F8041B2868EE
:1071D0008AB29A1A090C12FA80F2C1EB104303EB3F
:1071E000224391B241EA0341BA4545F8041B4FEAF4
:1071F0002343EAD25BF828200BEB880382B91A1FDD
:1072000093450BD253F8042C42B9083B02E01A68AC
:10721000043B1AB99B4508F1FF38F8D3C4F8108035
:10722000484603B0BDE8F08F00207047FFFFFFFF26
:107230002DE9F04F57EC106B9BB0046C249D00912E
:1072400081460592039310EE10AABB4654B1426CDE
:10725000626001239340A3602146FFF707FC0023EF
:10726000C9F84030BBF1000F5C4634DB00232B60D3
:10727000A14B1A462340934216D0002200235046C9
:107280005946FEF76DF956465F46804648B3039A65
:1072900001231360259B002B00F0BE8097481860E7
:1072A00001381BB0BDE8F08F039A42F20F731360F0
:1072B000BAF1000F00F09A809148259B002BF0D086
:1072C000C378002B00F0AA8000F10803259A136010
:1072D0001BB0BDE8F08F01232BF000442B60A346C8
:1072E000C6E718AA19A947EC106B4846FFF74CFEF1
:1072F000250D0A9040F08380189D199E2E4406F2B9
:107300003243202B40F38882C3F1400306F212403F
:107310009C402AFA00F02043FDF744FE0123741E2E
:10732000A1F1F8710F930022764BFDF7FDFC6CA3E1
:10733000D3E90023FDF7ACFE6BA3D3E90023FDF7EF
:10734000F5FC064620460F46FDF73CFE68A3D3E950
:107350000023FDF79DFE02460B4630463946FDF7F9
:10736000E5FC06460F4602F071FA00220490002365
:1073700030463946FEF7FEF8002840F02882049E89
:10738000162E00F22182604B03EBC603D3E9000105
:1073900052465B46FEF70CF9002800F04282731E4D
:1073A000049300230D932D1BB5F1010800F12A82EF
:1073B00000230793049B002BC0F21B8298440C937C
:1073C00000230693009B092B2AD8052B40F3448603
:1073D000043B00930026009B023B032B00F2238614
:1073E000DFE813F02B03240236035004444B474AD2
:1073F000C4F31300002814BF184610465DE7CBF312
:10740000130343F07F51A5F2FF345046CDF83C8082
:1074100041F44011189D86E73D4842E7C31C55E7FB
:107420000021C9F8441048460C460091FFF7F8FACD
:107430004FF0FF3308930E9301230990C9F84000E1
:1074400005940B93199B002BC0F2D080049A0E2A4E
:1074500000F3CC802C4B03EBC20393ED007B059B28
:10746000002B8DED007BC0F2FE8256465F46DDE9C3
:1074700000AB304652465B463946FDF733FF02F01B
:10748000E5F90446FDF79EFD52465B46FDF700FE1A
:107490000B46024639463046FDF746FC099D04F18D
:1074A00030032B70089B012B06460F4605F10105A2
:1074B00061D00022174BFDF7EBFD002200230646AA
:1074C0000F46FEF74DF800287DD1CDF81490DDF879
:1074D00020A0DDF824B0DDE9008928E0AFF30080CA
:1074E00061436F63A787D23FB3C8608B288AC63FCA
:1074F000FB799F501344D33F0000F07F1D9F000095
:10750000189F00000000F83F109E00000C9F000034
:107510001C9F000000002440FDF7BAFD002200235C
:1075200006460F46FEF71CF8002840F0AE834246A0
:107530004B4630463946FDF7D5FE02F087F9044642
:10754000FDF740FD42464B46FDF7A2FD02460B46C5
:1075500030463946FDF7E8FB04F1300E05F801EB43
:10756000CBEB050ED64506460F464FF00002AE4B5C
:10757000D2D1DDF8149032463B4630463946FDF70D
:10758000D5FB06460F4602460B46DDE90001FDF736
:10759000F1FF40B932463B46DDE90001FDF7E0FF6F
:1075A00088B1E3070FD515F8014C099A6B1E04E06A
:1075B0009A4200F0FC8313F8014D392C03F10105C8
:1075C000F6D001341C700A994846FFF74FFA0022A2
:1075D000049B2A70039A01331360259B002B00F053
:1075E0009B8309981D601BB0BDE8F08F0B9A002AA1
:1075F00000F00E81009A012A40F35782089B069AF8
:107600005F1EBA42C0F28B83D71B089B002BC0F2CF
:107610008084079D089B079A01211A4448460792D7
:107620009844FFF7BBFA064665B1B8F1000F09DDD3
:107630004545079A2B46A8BF4346D21A0792ED1A32
:10764000C3EB0808069B002B40F3F5820B9A002A37
:1076500000F00282002F00F0FF8131463A46484692
:10766000FFF73EFB0A9A014606464846FFF7A0FA96
:107670000A9904464846FFF7F9F9069BDB1B069377
:1076800040F0E98101214846FFF788FA0C9B0690FB
:10769000002B00F0158201461A464846FFF720FBF2
:1076A000009B0690012B40F3F3820027069A136992
:1076B00002EB83031869FFF723FAC0F1200040446E
:1076C00010F01F0000F0FA81C0F12003042B40F3FA
:1076D000BD84C0F11C00079B03440793054480440C
:1076E000079B002B05DD21461A464846FFF748FB5D
:1076F0000446B8F1000F05DD424606994846FFF7FB
:107700003FFB06900D9B002B40F07A82089B002BDC
:1077100040F393820B9B002B40F0F481DDF824B002
:10772000089FDDF818805D4602E0FFF7A9F90446DE
:1077300041462046FFF7E6FC00F1300A05F801ABB0
:10774000CBEB0503BB424FF00A024FF0000321468A
:107750004846EADB099B089A012AACBF9B18013313
:107760001D464FF0000B214601224846FFF708FB5B
:1077700006990A90FFF75CFB002840F3058315F893
:10778000012C09996B1E04E08B4200F0748213F8FF
:10779000012D392A03F10105F6D001321A7006993C
:1077A0004846FFF763F9002E3FF40DAFBBF1000F21
:1077B00005D0B34503D059464846FFF757F931463F
:1077C0004846FFF753F9FEE601230D93EBE5DDF89C
:1077D00010804046FDF7F6FB02460B463046394620
:1077E000FDF7BEFE00287FF4CAAD08F1FF33049315
:1077F000C5E5079A049BD21A5B42069300230792C1
:107800000C93DFE5C8F1000307934FF00008D1E5C2
:10781000069F079D0B9E07E7C3F120040AFA04F0B8
:107820007AE50D90BFE500BF0000244000230B93D4
:10783000049B059A13440E930133002B089340F3E5
:107840007D82089C25460021172DC9F844100BD9CC
:10785000012204235B0003F11400A842114602F147
:107860000102F7D9C9F844104846FFF7D9F80E2CA1
:107870000990C9F840003FF6E5AD002E3FF4E2ADB7
:1078800004990029CDE910AB40F39A82904B01F0A6
:107890000F020E1103EBC203F006D3E9004540F1DD
:1078A00046828C4B50465946D3E90823FDF71AFD12
:1078B000CDE9120106F00F064FF0030A86B1854F9D
:1078C000F10709D520462946D7E90023FDF7E0FB5B
:1078D0000AF1010A04460D46761007F10807EFD1B8
:1078E00022462B46DDE91201FDF7FCFC06460F4659
:1078F0000D9B43B10022784B30463946FDF73AFEE6
:10790000002840F01A835046FDF75CFB32463B46A8
:10791000FDF7BEFB714B0022FDF708FA089B0446F9
:10792000A1F15075002B00F0DB81049B1693089B9E
:1079300012930B9B002B00F09482129A644B6849BF
:1079400003EBC20353E902230020FDF7CBFC2246E0
:107950002B46FDF7E9F982468B463046394601F061
:1079600075FF0446FDF72EFB02460B4630463946AE
:10797000FDF7DAF93034099DE4B206460F462C7063
:1079800002460B46504659460135FDF711FE0028C8
:1079900050D132463B4600204F49FDF7C5F902461B
:1079A0000B4650465946FDF703FE002840F0088379
:1079B000129A012A40F3F781129B099ACDF8488068
:1079C000134498460DE000204349FDF7ADF95246B7
:1079D0005B46FDF7CFFD002840F0F282454500F000
:1079E000E0815046594600223E4BFDF751FB0022F4
:1079F0003C4B82468B4630463946FDF749FB0F46E5
:107A0000064601F023FF0446FDF7DCFA02460B466A
:107A100030463946FDF788F93034E4B252465B46C9
:107A200005F8014B06460F46FDF7A4FD32463B46DE
:107A30000028C8D0169B0493C5E500230B93059B33
:107A4000002B40F380811D461C460E930893FAE6F6
:107A500001230B93F3E70A94069A0A994846FFF725
:107A60003FF904460EE6089B002B3FF7FEAC40F0C2
:107A70004F8100221C4BDDE90001FDF709FB5B464D
:107A80005246FDF78BFD089B06931E46002800F02A
:107A9000EA80059B099DDB43049306994846FEF75F
:107AA000E5FF002E3FF48FAD89E60F9A002A00F023
:107AB000388203F23343069F079DACE51C200AE69B
:107AC000009B012B40F380820C9F0120F7E500BF53
:107AD000109E0000D89E00000000F03F00001C40F7
:107AE0000000E03F00002440000014403146002325
:107AF0000A224846FEF7C4FF0E9B002B064640F3C1
:107B00008D820893002D05DD31462A464846FFF751
:107B100037F90646002F40F07C81B046089B099A51
:107B2000013BD31808930AF001030A931746DDF8C6
:107B300018B020465946FFF7E5FA3146054620467B
:107B4000FFF776F94246594682464846FFF792F9D2
:107B5000C268834605F13003002A49D10146204618
:107B60000793FFF765F9594605904846FEF77EFFF3
:107B7000059A079B2AB9009919B90A99002900F0BA
:107B80003582BAF1000FC0F2E38005D1009919B92E
:107B90000A99002900F0DC80002A00F34E81089A3F
:107BA0003B7007F1010A9742554600F05281214689
:107BB00000230A224846FEF763FF46450446314645
:107BC0004FF000034FF00A0248460BD0FEF758FF73
:107BD0004146064600230A224846FEF751FF574613
:107BE0008046A4E7FEF74CFF5746064680469EE7D0
:107BF000014648460593FEF739FF0122059BC0E781
:107C000006992046FFF714F90028BFF67FAD2146FC
:107C1000049C0023013C0A2248460494FEF730FFEE
:107C20000B9B0446002B7FF461AF0E9B002B40F3AF
:107C3000ED81089372E50A9C24E5009B022B7FF7F7
:107C400069AD089B002B40F09D81069905224846AE
:107C5000FEF716FF014606902046FFF7E9F80028D8
:107C60000A947FF716AF049A0999312301320492DE
:107C70000B704D1C11E7049A01320492099A3123CA
:107C800013708CE501230B93D2E5DDF814909AE490
:107C9000BAF1000F7FF409ADCBF31303002B40F0D2
:107CA0003E812BF000473F0D3F052FB1079B01336D
:107CB000079308F1010801270C9B0120002B3FF4DA
:107CC000FEACF3E45046FDF77DF932463B46FDF746
:107CD000DFF90022BF4BFDF729F80446A1F15075EA
:107CE000304639460022BC4BFDF71EF822462B4693
:107CF00006460F46FDF75CFC002840F0AE802246A9
:107D000005F1004330463946FDF734FC00284AD0DF
:107D1000002306931E46BCE60998FFF7C2BA069BED
:107D20000C9A0697FB1A1A440C9200276DE49DEDFD
:107D3000107B4FF0020A8DED127BBFE51C4600213F
:107D4000C9F8441090E501240E9408940594F6E7D0
:107D5000002A9A4611DD214601224846FFF710F815
:107D600006990446FFF764F8002840F34881BAF109
:107D7000390F00F0098105F1310AB34687F800A0F8
:107D80007D1C46460A940AE504D11AF0010F01D081
:107D9000F5E4154615F8013C302B05F1FF32F8D01B
:107DA000FDE4DDF84880DDE910ABFFF74BBB099936
:107DB00030220A70049A15F8014C0132049200E452
:107DC000049B5C42002C00F0B380844B04F00F0253
:107DD00003EBC203D3E90023DDE91001FDF758F9F5
:107DE000241106460F4600F016817D4D4FF0020A21
:107DF000E20709D530463946D5E90023FDF748F9B1
:107E00000AF1010A06460F46641005F10805EFD194
:107E10006EE571684846FEF703FE33699A1C054615
:107E2000920006F10C010C30FAF750FA29460122B3
:107E30004846FEF7A5FF804670E6392B00F0A48087
:107E400003F1010AB34687F800A07D1C46460A9458
:107E5000A5E4B3469A46464685E4002306931E46AB
:107E600001E7129B5D495A1E01EBC2012B46179296
:107E7000D1E900012246FDF70BF9CDE9140139469D
:107E8000304601F0E3FC0446FDF79CF80B46024641
:107E900039463046FCF748FF129B0F4609993034AB
:107EA000012B06460C7001F1010520D0129B099AA6
:107EB00013449A46AB4600224A4B30463946FDF7FA
:107EC000E7F80F46064601F0C1FC0446FDF77AF8D4
:107ED000303402460B4630463946FCF725FF0BF896
:107EE000014BDA4506460F46E5D1179B1D4400229B
:107EF0003D4BDDE91401FCF719FF32463B46FDF727
:107F000039FB002848D0169B049315F8014CFFF765
:107F10004CBB079B089A9D1A0023FFF77CBB0027E8
:107F2000CAE6189B069F079DC3F13603FFF773BB94
:107F3000DDE910674FF0020ADAE4089B002B3FF4FA
:107F4000C1AE0E9B002B7FF72EAF0022254B304693
:107F50003946FDF79DF806460F460AF10100FDF788
:107F600031F832463B46FDF793F80022194BFCF7F7
:107F7000DDFE049A0E9B1293013A0446A1F150755E
:107F80001692D6E40A9484E53922B3460A9446460A
:107F90003A707D1CFFF7F5BBDDE914230020124980
:107FA000FCF7C2FE32463B46FDF702FB08B9FAE693
:107FB000154615F8013C302B05F1FF32F8D039E5B4
:107FC000169B0493FFF7F1BABAF1000F7FF47CAD72
:107FD00062E600BF00001C4000001440109E00003C
:107FE000D89E0000000024400000E03F392BD3461B
:107FF0009A46C9D0BBF1000F3FF7BDAEBDE67FF496
:10800000BCAE1AF0010F3FF4B8AEB0E6009B022BF5
:1080100025DC0E9B0DE64FF0020A69E4009B022B63
:108020001DDC0E9B6DE50024C9F8444021464846FE
:10803000FEF7F6FC4FF0FF3308930E9301230990EF
:108040000594C9F840000B93FFF7FCB93FF448AB27
:10805000C0F13C00FFF73FBB0126FFF7BCB90E9B08
:108060000893EEE5FFFFFFFF2DE9F04FC1B00C468E
:10807000059115460A930690FEF772FC0368139368
:108080001846FEF7FDF9A38912901E0603D5236951
:10809000002B01F031819FEDA67B00238DED107B3D
:1080A0000E932593249315930793DFF890A230AB9A
:1080B00023939946A84698F800304446EBB1252B07
:1080C00002D11AE0252B03D014F8013F002BF9D17F
:1080D000C8EB04058DB1249B259AC9F800800133B3
:1080E0002A44072BC9F804502592249300F3A68054
:1080F00009F10809079B2B4407932378002B00F014
:10810000A68000231A468DF86F3019460893039312
:108110004FF0FF3B637804F101085D4608F1010868
:10812000A3F12000582800F23484DFE810F0A00307
:1081300032043204A803320432043204320432041A
:108140003204AF03BD0332045D00E20032040901D2
:108150001001100110011001100110011001100197
:108160001001320432043204320432043204320484
:1081700032043204320420018602320486023204C0
:10818000320432043204D40232043204E5023204EE
:1081900032043204320432040F03320432043D0349
:1081A000320432043204320432043204320432041F
:1081B000320432047E03910386028602860299030A
:1081C000910332043204070432041204A300640051
:1081D000C2033204C9033204EA0332043204F20354
:1081E00008980A9340420890039B43F004030393CA
:1081F00098F8003092E70A98AB46002104688DF8A1
:108200006F10071D0398302378228B458DF870304E
:108210004FF000058DF8712040F00203C0F2D683C4
:1082200020F0800343F00203039354EA05030A9706
:1082300000F0A2830F460D923F48E6E223AA05997B
:10824000069801F083FA48B90DF1C00952E7259B61
:1082500023B10698059923AA01F078FA059B9B891A
:1082600013F0400F079B18BF4FF0FF33184641B083
:10827000BDE8F08F0D93AB46002A41F03382039A9C
:1082800012F0200300F046820A9F073727F0070309
:10829000002703F10801BB450A91D3E900458DF899
:1082A0006F70C0F2628722F08003039354EA0503E3
:1082B00000F0848330AEE20842EA4572E90804F037
:1082C00007030D461446303354EA050206F8013D13
:1082D000F1D1039AD10740F18F80302B00F08C80D0
:1082E0003022731E06F8012C30AAD21A09921E46BB
:1082F00085E098F800302A2B08F1010401F0E481B0
:10830000A3F13000092898BF002501F2868114F8F6
:10831000013B05EB850500EB4505A3F1300009287D
:10832000F5D945EAE575A046FAE600BFAFF300804F
:108330000000000000000000549F0000209F00008B
:10834000039B43F08003039398F80030E6E6A3F123
:10835000300000231C4618F8013B04EB840400EBBA
:108360004404A3F130000928F5D90894D8E60D9308
:10837000AB46002A41F0C481039B43F010030393F2
:10838000039B9C0640F137850A9F073727F00707B4
:10839000D7E9002307F108010A9114461D46002A77
:1083A00073F10003C0F26285BBF1000F9DF86F709E
:1083B000C0F23F85039B23F08003039354EA050337
:1083C00000F0E881002D08BF0A2CC0F0E88130AE33
:1083D000204629460A22002301F060FA303206F8CE
:1083E000012D2046294600230A2201F057FA0446AF
:1083F0000D4654EA0503EBD130AB9B1B0993099B57
:108400005B45B8BF5B46049300230F9317B1049BF1
:1084100001330493039B13F002030B9302D0049BDC
:1084200002330493039B13F084030C9340F0DB822C
:10843000089B049A9D1A002D40F3D582102D259992
:10844000249AA84F27DD149648461024B946059E65
:108450002F46069D04E0103F102F00F1080016DDA6
:108460000132A04B24921031072A259180E8180090
:10847000F1DD23AA3146284601F068F900287FF48F
:10848000EDAE103F102F2599249A30A8E8DC149EF9
:108490003D464F46814601326C18072A25942492A6
:1084A000C9F80070C9F8045000F32D849DF86F706E
:1084B00009F1080977B1249B013301340DF16F01F3
:1084C0000122072B2594249389E8060000F3A58355
:1084D00009F108090B9B6BB1249B013302341CA9E1
:1084E0000222072B2594249389E8060000F3A18338
:1084F00009F108090C9B802B00F0E182099BC3EB7A
:108500000B07002F33DD784A249B0B92102F22DDBE
:1085100022464FF0100B069D059C04E0103F102FE3
:1085200009F1080916DD01331032072B2592249337
:1085300089E8000CF2DD23AA2146284601F006F95D
:1085400000287FF48BAE103F102F259A249B0DF14D
:10855000C009E8DC144601330B9A24933C44072BF2
:10856000259489E8840000F34C8309F10809039BF2
:10857000DA0500F13A82249B0999C9F800600133B9
:108580000C44072B2594C9F80410249300F323838B
:1085900009F10809039B59073FD5089B049A9D1AC6
:1085A000002D3ADD102D249B4E4F23DD2246102650
:1085B000DDF818B0059C04E0103D102D09F1080904
:1085C00017DD0133474924931032072B259289E8A0
:1085D0004200F1DD23AA2146584601F0B7F80028F1
:1085E0007FF43CAE103D102D259A249B0DF1C0095F
:1085F000E7DC144601332C44072B25942493C9F857
:108600000070C9F8045008DD23AA0599069801F006
:108610009DF800287FF422AE259C079B089A0499B8
:108620008A42ACBF9B185B180793002C40F0DF8296
:10863000002324930DF1C0093DE50D93AB46002ABC
:1086400041F06280039B0A9F1A0707F1070740F178
:10865000748527F0070393ED007B8DED107B03F10C
:1086600008020A92DDE9101222F0004316911793D6
:10867000DDE916454FF0FF32204629461B4BFCF73B
:10868000A1FF002840F0DA844FF0FF32174B20465C
:108690002946FCF779FF002840F0D084002200230F
:1086A000DDE91001FCF766FF002840F052879DF8D5
:1086B0006F700F4E0F4B039921F0800103910D99BC
:1086C00003224FF0000B04924729D8BF1E4609929F
:1086D000CDF83CB09AE6039B43F00803039398F867
:1086E00000301BE5709F0000209F0000FFFFEF7F20
:1086F000349F0000309F00000D93AB46002A41F0EC
:108700000F80039B43F010030393039A12F020039E
:108710007FF4BAAD039911F0100200F05B840A985F
:108720008DF86F30BBF1000F046800F104074FF0C3
:108730000005C0F219850A4622F08002039254EA2D
:1087400005020A9700F03A811F46B3E50D93AB4648
:10875000002A40F0E187039B43F010030393039A40
:1087600012F0200300F02C830A9F073727F007033D
:10877000002703F10801BB450A91D3E900458DF8B4
:108780006F70C0F2568322F08003039354EA05030E
:108790007FF418AEBBF1000F00F0F580002440AE6E
:1087A000303406F8414D27E60D93AB46002A40F0E1
:1087B000AF87039BAF489D0640F1B5800A9F0737FE
:1087C00027F00703D3E9004503F108020A92039A50
:1087D00012F0010700F0398254EA050300F0028527
:1087E0009DF834208DF871200027039A8DF86F7062
:1087F0003023BB458DF8703042F00203C0F2AE86E4
:1088000022F0800343F00203039330AE230904F007
:108810000F0143EA05732A091C461546435C06F816
:10882000013D54EA0503F1D1E6E50A990D930A6882
:108830008DF8982000230A461F468DF86F300432C9
:1088400001230493BB460F970A92099326AEE1E5F4
:108850000D93AB46002A3FF493AD8DF86F108FE572
:10886000039B43F04003039398F8003056E498F8D4
:10887000003000297FF452AC012220214EE4039BFA
:1088800043F00103039398F8003047E40A9C2368FF
:10889000089318460028234603F10403FFF6A0AC12
:1088A0000A9398F8003039E498F8003001222B211F
:1088B00034E4039B43F02003039398F800302DE445
:1088C0000A9A0D93166800248DF86F40171D002E2C
:1088D00000F01C86002DC0F261852A4621463046F4
:1088E000FEF74EF8002800F06386831B0993A34629
:1088F00023EAE3730A970493CDF83CB09DF86F70B8
:1089000084E50D93AB46002A3FF429AF8DF86F1034
:1089100025E70D93AB46002A40F00E87039B56488F
:108920009D063FF54BAF039BDC0640F13E840A9A5F
:108930001346043314680A93002548E798F800307A
:108940006C2B00F0C284039840F010000390FFF7F6
:10895000E5BB002A40F0EC86039B9B0640F1578361
:108960000A9A07991368CD170846043229460A92D5
:10897000C3E90001FFF79FBB3F480D92BBF1000F19
:1089800040F074815F464FF0000BCDF824B030AE5C
:1089900035E50D93002A40F0C7860D9A002A3FF472
:1089A00056AC002301211F4604918DF898208DF8C4
:1089B0006F309B460F93099126AE2BE5BBF1000F5C
:1089C00000F00E8600270024002573E42A48039354
:1089D0000D9254EA05030A974FF000077FF415AF94
:1089E0000024002511E7259C64E50D9B652B40F3D1
:1089F000AA8000220023DDE91001FCF7B1FD002868
:108A000000F03681249B1D4AC9F80020013301344F
:108A10000122072B25942493C9F8042000F3EE8348
:108A200009F108091D9B0E9A934203DB039BDB07A8
:108A30007FF5B0AD249B1299139AC9F80020013339
:108A40000C44072B2594C9F80410249300F34784A1
:108A500009F108090E9B5D1E002D7FF79BAD084AAA
:108A6000249B0B92102D40F3E9811026069FDDF820
:108A700014B00DE0409F0000549F00001C9F0000B8
:108A8000209F000009F10809103D102D40F3D68108
:108A900001331034072B25942493C9F800A0C9F89A
:108AA0000460EFDD23AA5946384600F04FFE002847
:108AB0007FF4D4AB259C249B0DF1C009E4E7089B0F
:108AC000049A9F1A002F7FF719ADBC4A249B0B9282
:108AD000102F2BDD4A462146B94610253746069C05
:108AE000059E06E0A9F11009B9F1100F02F1080284
:108AF00018DD01331031072B25912493C2F800A013
:108B00005560EFDD23AA3146204600F01FFE002805
:108B10007FF4A4ABA9F11009B9F1100F2599249B9A
:108B200030AAE6DC3E460C464F46914601330B9A8E
:108B300024933C44072B259489E8840000F33D826C
:108B400009F10809DAE40E9B249D012B40F30A8207
:108B5000013501340123072D25942495C9F80060BF
:108B6000C9F8043000F30F8209F10809129A139B27
:108B7000C9F8003001351444072D25942495C9F80F
:108B8000042000F30D8209F1080900230022DDE929
:108B90001001FCF7E5FC0E9B002840F0C380013B70
:108BA000013501361C44072D24952594C9F8006031
:108BB000C9F8043000F3F58009F10809159AC9F8DD
:108BC0000420013514441FAB072D25942495C9F8C2
:108BD00000307FF7DDAC23AA0599069800F0B6FDBA
:108BE00000287FF43BAB259C0DF1C009D2E423AAF9
:108BF0000599069800F0AAFD00283FF419ADFFF78B
:108C00002DBB23AA0599069800F0A0FD00287FF44B
:108C100025AB259C0DF1C009A9E423AA0599069866
:108C200000F094FD00287FF419AB259C0DF1C009DC
:108C300050E423AA0599069800F088FD00287FF4E7
:108C40000DAB259C0DF1C00954E4BBF1000F8DF86C
:108C50006F70C0F2DF8222F08003039354EA0503B1
:108C60007FF4D3ADBBF1000F3FF48CAE0027B7E625
:108C70001D9D002D40F3D1820F9B0E9A9342A8BFF9
:108C80001346002B1D460DDD249BC9F800600133FF
:108C90002C44072B2594C9F80450249300F3A9838E
:108CA00009F108090F9B002DA8BF5B1B002B1D4677
:108CB00040F3F880414A249B0B92102D40F38382AD
:108CC00022461027DDF818B0059C05E009F10809D7
:108CD000103D102D40F3768201331032072B259280
:108CE0002493C9F800A0C9F80470EFDD23AA214637
:108CF000584600F02BFD00287FF4B0AA259A249B4B
:108D00000DF1C009E4E723AA0599069800F01EFDBD
:108D100000287FF4A3AA9DF86F70259C0DF1C0096F
:108D2000FFF7C8BB5E1E002E7FF748AF234B0B93A7
:108D3000102E2CDDCDF824801027B046DDF818B0B9
:108D4000059E06E0A8F11008B8F1100F09F1080916
:108D50001ADD01351034072D25942495C9F800A09B
:108D6000C9F80470EEDD23AA3146584600F0EEFC47
:108D700000287FF473AAA8F11008B8F1100F259C01
:108D8000249D0DF1C009E4DC4646DDF824800B9BF0
:108D900001353444072D2594249589E848007FF750
:108DA0000BAF23AA0599069800F0D0FC00287FF4A9
:108DB00055AA259C249D0DF1C009FFE6209F0000C7
:108DC000039911F0100200F0D3810A988DF86F30EA
:108DD000BBF1000F046800F104074FF0000526DB2B
:108DE0000A4622F08002039254EA05020A971F46BF
:108DF0007FF4E8AACEE4039BD8062AD4039B590645
:108E000027D50A99B1F900400431E51722462B46CF
:108E10000A91FFF7C4BA0A998DF86F30BBF1000FC1
:108E20000C6801F104074FF0000580F24C820A97AC
:108E30001F4654EA05037FF4C5AAB0E401330B9A38
:108E400024932C44072B259489E824007FF7A0ABBA
:108E5000C1E60A9A146813460433E51722460A93BA
:108E6000002A2B4673F10003BFF69EAA64424FF01E
:108E70002D0765EB4505BBF1000F8DF86F70FFF610
:108E8000A1AA039B23F080030393FFF79BBA23AAB5
:108E90000599069800F05AFC00287FF4DFA9259C6C
:108EA0000DF1C0090F9A1D9B324417460E9A93424A
:108EB00047DB039AD50744D40E990E44F51BCB1A11
:108EC0009D42A8BF1D46002D2E460DDD249AC9F8EF
:108ED000007001322C44072A2594C9F804502492CA
:108EE00000F3FE8209F10809002EACBF9D1B1D4650
:108EF000002D7FF74FABBA4A249B0B92102D9DDDBE
:108F00001026069FDDF814B004E009F10809103DB1
:108F1000102D93DD01331034072B25942493C9F8C9
:108F200000A0C9F80460F0DD23AA5946384600F0D5
:108F30000DFC00287FF492A9259C249B0DF1C0090B
:108F4000E5E7249A12981399C9F8001001320444F5
:108F5000072A2594C9F80400249200F3B48209F189
:108F60000809A9E7039BD8073FF5F2AD01350134A5
:108F70000123072D25942495C9F80060C9F8043011
:108F80007FF71AAE0DE723AA0599069800F0DEFBDD
:108F900000287FF463A9259C249D0DF1C009E5E517
:108FA00023AA0599069800F0D1FB00287FF456A962
:108FB000259C249D0DF1C009E7E523AA0599069893
:108FC00000F0C4FB00287FF449A9259C0DF1C009DD
:108FD000FFF794BA039911F0400300F0B9800A98A2
:108FE0008DF86F200346BBF1000F03F104030488E2
:108FF0004FF00005C0F2C08121F08001039154EAD6
:1090000005010A933FF4DAAC1746FFF753B9039B07
:10901000DF060BD4039B5E0608D50A9A1368043258
:109020000A92BDF81C201A80FFF745B80A9A136807
:1090300004320A92079A1A60FFF73DB8DDE9100181
:1090400002460B46FCF7BEFA002840F0FD820D9B5D
:10905000BBF1FF3F23F0200700F06782472F00F0AD
:109060008281119B039A002B42F480720B92C0F212
:1090700078829DED107B8DED187B002304930D9B72
:10908000662B00F05582462B00F04581452F0CBF22
:109090000BF101055D4621AA1EAB019200932A4601
:1090A0001DAB02219DED180B0698FEF7C1F80D9B34
:1090B000672B064640F06B82039BDA0740F1B982CA
:1090C000741900220023DDE91801FCF749FA002891
:1090D00040F08D81219B9C4206D930215A1C21925F
:1090E0001970219B9C42F9D89B1B472F0E9300F0CF
:1090F00077810D9B652B40F359820D9B662B1D9B41
:109100000F9300F060820F9A0E998A42C0F2328269
:10911000039BD90700F18F8222EAE273099267224A
:109120000D92049A002A40F02F8104930B9B039325
:1091300093469DF86F70FFF769B927F0070797ED21
:10914000007B07F108038DED107B0A93FFF78ABAC5
:109150000A998DF86F30BBF1000F0C6801F104071C
:109160004FF0000580F2AC800A970027FFF7A2B805
:10917000039911F040033FF44EAE0A988DF86F202A
:109180000346BBF1000F03F1040304884FF0000510
:10919000C0F2EF8021F08001039154EA05010A93A7
:1091A00017467FF40FA9FFF7F5BA039B0A9A13F04D
:1091B000400F134600F0E280043314880A93002520
:1091C000FFF705BB144601330B9A24932C44072B5D
:1091D000259489E824003FF75AAE09F1080961E6B1
:1091E000209F00000027BB458DF86F70FFF6F8AB9D
:1091F000039B23F080030393FFF7C0BB23AA0599C9
:10920000069800F0A3FA00287FF428A8259C0DF109
:10921000C00907E40A9FFFF7DCBB249BB84AC9F8E2
:109220000020013301340122072B25942493C9F82F
:10923000042000F38B8009F108092DB90E9B1BB99E
:10924000039BDF077FF5A6A9249B1299139AC9F8FF
:10925000002001330C44072B2594C9F804102493F3
:1092600000F3CD8109F108096D42002D40F3AA8079
:10927000A44A0B92102D40F3C98022461027DDF836
:1092800018B0059C05E009F10809103D102D40F3C8
:10929000BC8001331032072B25922493C9F800A01B
:1092A000C9F80470EFDD23AA2146584600F04EFAB3
:1092B00000287EF4D3AF259A249B0DF1C009E4E782
:1092C000039AFFF739BA039A8BE5039B43F0200317
:1092D000039308F1010898F80030FEF71FBF23AA96
:1092E0000599069800F032FA00287EF4B7AF259C65
:1092F0000DF1C009FFF7AEBB40210698FCF72EFB2D
:10930000059A10601061002800F0F381059A40234F
:109310005361FEF7C0BE21AA1EAB019200935A46CC
:109320001DAB03219DED180B0698FDF781FF5D46EF
:1093300006460D9B462B06EB05047FF4C2AE337840
:10934000302B00F087811D9D2C44BAE623AA059995
:10935000069800F0FBF900287EF480AF1D9D259C47
:109360000DF1C00969E7BBF1000F08BF4FF0010B19
:1093700077E60A9317465CE50A93F6E60433146829
:109380000A930025FFF723BA2D2704930B9B039321
:109390008DF86F704FF0000BFFF739B83046FDF7CE
:1093A0006FF8A34603460990FFF7A2BA23AA0599CE
:1093B000069800F0CBF900287EF450AF259C249B42
:1093C0000DF1C0090E99C9F8006001330C44072B58
:1093D00025942493C9F804107FF7DAA8FFF7FBBBA4
:1093E0001D9BDD1C1EDB9B451CDB0F938BE6234680
:1093F0007AE623AA0599069800F0A8F900287EF4D9
:109400002DAF259C0DF1C0094CE4144601330B9A95
:1094100024932C44072B259489E82400C6DC09F109
:109420000809CFE70D9A023A0D92013B002B9DF8F7
:1094300034201D93B8BF5B428DF87C20B4BF2D2231
:109440002B22092B8DF87D2040F3EB800DF18B0052
:1094500004462D4A82FB0321DA17C2EBA10202EB7C
:109460008201A3EB410303F13001092A134604F8FA
:10947000011DEEDC21463033DAB201F8012D8842BD
:1094800040F234810DF17E01234601E013F8012BF7
:1094900001F8012B9842F9D1431C1B1B0DF17E02F0
:1094A00013441FAA9B1A0E9A1593012A1344099379
:1094B00040F3E780099B129A1344002209930F920C
:1094C00023EAE3732DE623AA0599069800F03EF9F6
:1094D00000287EF4C3AE1D9B259C0DF1C009EBE472
:1094E00023AA0599069800F031F900287EF4B6AE5B
:1094F0001D9B0E9A259CD31A0DF1C009F4E400BF00
:109500001C9F0000209F000067666666062D2B46A4
:1095100028BF0623099323EAE373B3460A970F96FD
:1095200037460493864EFEF771BF4FF0060B98E561
:1095300021AA1EAB019200935A461DAB03219DED5B
:10954000180B0698FDF774FE5D46064600EB0B040B
:10955000F5E62D278DF86F70FFF7ABB80393FFF793
:1095600054B9DDE9101202F1004319932D2318912B
:10957000049384E5129A0E9B13440F9A0993002AD0
:1095800040F38980672223EAE3730D92C9E50D9BBE
:10959000472B7FF495AD039BDB073FF5CAAE219BBC
:1095A000472FA3EB06030E933FF41AAF1D9B3CE736
:1095B00025EAE5730A970493099583460F909DF871
:1095C0006F70FEF723BF002B6DDDBBF1000F4FD195
:1095D000039AD4074CD41A46099223EAE373A0E510
:1095E000039BDB075F4605D540AE302306F8413DBF
:1095F000FEF702BFCDF824B030AEFEF700BF23AABD
:109600000599069800F0A2F800287EF427AE1D9D6B
:10961000259C249B0DF1C00926E6A0460025FEF7F7
:109620007FBD303330228DF87F308DF87E2020AB27
:1096300037E7219B58E5129A0F9B13446722099341
:109640000D9223EAE3736CE53E4E3F4B9DF86F703D
:10965000FFF731B800220023DDE91801FBF780FF96
:1096600000287FF470AEC5F101051D952C4428E556
:109670000F9B129A9D1805EB0B03099323EAE373E2
:109680004FE5039B13F001037FF414AF0F93099B85
:1096900023EAE37345E50F9B099AC3F101031A44DA
:1096A000134609926EE7BBF1000F02D1039BD80766
:1096B00007D5129B5D1C05EB0B03099323EAE373AB
:1096C0002FE5012309932CE50A9898F801300568E5
:1096D0000430002D0A90A046BEF620AD4FF0FF35B5
:1096E000FEF71CBD8DF86F10FEF7C9BD0DF17E03AE
:1096F000D7E6069A0C2313604FF0FF30FEF7B7BD94
:109700008DF86F10FEF738BE8DF86F10FEF79ABF18
:109710008DF86F10FFF74DB88DF86F10FFF71BB87D
:109720008DF86F10FEF7EDBF8DF86F10FFF735B9AC
:109730008DF86F10FFF710B98DF86F10FFF7EEB8C6
:10974000689F00003C9F0000389F00002DE9F04F0B
:10975000936883B09046002B72D083464FF0000987
:10976000166808688B680D464C46002C45D09C4214
:109770001F469A4646D3AB8913F4906F2DD06F697C
:10978000296907EB4707C1EB000A07EBD777601C95
:109790007F105044B8423A4684BF07463A465B05BC
:1097A00033D511465846FCF7D9F8002837D0524631
:1097B00029690190F8F78AFDAA89019B22F4906239
:1097C00042F08002AA81CAEB070203EB0A006F6134
:1097D0002B612860AA602746A24652464946FCF7FC
:1097E0008BFBD8F80820AB682868DB1B5044141B9F
:1097F000AB602860C8F8084014B3D6F800907468CD
:109800000836B2E72746A246E7E75846FCF72AFCA7
:1098100003460028D7D129695846FCF7B9FF0C2325
:10982000CBF80030AB89002243F040034FF0FF300B
:10983000AB81C8F80820C8F8042003B0BDE8F08F59
:109840000020C8F8040003B0BDE8F08F4FEA4102E1
:1098500012F5001215D211D56FF47873B3EB625282
:1098600012D94FEAC12343F0004343EA505311F0A9
:10987000004F23FA02F018BF404270474FF000003B
:10988000704750EA013005D111F0004008BF6FF079
:10989000004070474FF00000704700BF53B94AB90D
:1098A000002908BF00281CBF4FF0FF314FF0FF30E8
:1098B000FCF710B8ADF1080C6DE904CEFBF798FE8B
:1098C000DDF804E0DDE9022304B070470000000089
:1098D000000000006D250000436F6E6E65637465C7
:1098E0006420746F205465656E7379005465656EED
:1098F000737920494420256430200A200A000000A2
:109900005465656E73792049443A200000000000D8
:1099100000000000FD0800009D0800009D0A0000F6
:10992000A1080000D90900000000000000000000AC
:10993000A50C00003C80044000100000041A000048
:10994000FF7F00000F0E0000B50F00000C0827FF7E
:109950000002000000020000000200000000000001
:109960000B071CFF000200000002000000020000C4
:10997000000000000D0E1B000002000000020000AD
:10998000000200000A020906141715160F1A2D000E
:1099900000020000000200000002000000020000BF
:1099A00000020000000200000002000000020000AF
:1099B000000200000002000000030000010102029A
:1099C000040408081001200000000000000000004E
:1099D000611B000045400000E9100000ED10000090
:1099E00034800440400000001211220830020205B9
:1099F0000702131021072F020205070218000000BA
:109A00003480044080000000263AFFFFFF02060079
:109A10000000253BFFFFFF020600000019000000C8
:109A2000288004404000000004FFFFFFFF05000005
:109A30000000031AFFFFFF05050000004A000000B8
:109A40000000000000000000BD1E0000811E00009C
:109A5000E91000007D1E0000391E0000451E0000B8
:109A6000651E00004008FE4340A004404408FE4339
:109A700044A004400018FE4300C004403000FE43F0
:109A8000309004403400FE43349004401C18FE43E0
:109A90001CC004401018FE4310C004400818FE43C8
:109AA00008C004400C18FE430CC004400C10FE43D8
:109AB0000CB004401010FE4310B004401810FE43D8
:109AC00018B004401C10FE431CB004401410FE43A8
:109AD00014B004400418FE4304C004400010FE43C8
:109AE00000B004400008FE4300A004400408FE4308
:109AF00004A004400C08FE430CA004400808FE43E8
:109B000008A004401418FE4314C004401818FE4373
:109B100018C004400410FE4304B004400810FE4383
:109B200008B004406820FE4368D004401400FE439F
:109B3000149004403800FE43389004403C00FE433B
:109B40003C9004404000FE43409004404808FE43DF
:109B500048A004404C08FE434CA004402808FE43A3
:109B600028A004402C08FE432CA004406020FE43A3
:109B700060D004406420FE4364D004402010FE43C3
:109B800020B004402410FE4324B004402810FE43BB
:109B900028B004402C10FE432CB004404400FE4387
:109BA000449004407000FE43709004407400FE43F3
:109BB000749004406800FE43689004405008FE43DF
:109BC00050A004405808FE4358A004405C08FE43DF
:109BD0005CA004405408FE4354A004402018FE43F7
:109BE00020C004402418FE4324C004401008FE4353
:109BF00010A004401408FE4314A004403818FE438B
:109C000038C004403418FE4334C004403018FE43CA
:109C100030C004403C18FE433CC004402C18FE43B6
:109C20002CC004402820FE4328D004402C20FE43B2
:109C30002CD004400020FE4300D004400420FE430A
:109C400004D004400820FE4308D004400C20FE430A
:109C50000CD004401020FE4310D004401420FE43DA
:109C600014D0044000000000000000001D4100006E
:109C70000000000000000000254500001D45000018
:109C80001945000015450000114500000D45000074
:109C90000945000005450000151915141814FFFFAB
:109CA000000100007C1FFF1F1200000000020000E6
:109CB000A81FFF1F0B01000000030000B420FF1FBE
:109CC0000000000001030904901FFF1F00000000B6
:109CD00002030904B41DFF1F000000000303090470
:109CE000B820FF1F0000000000000000000000007E
:109CF00000000000D020FF1F43000000504F5349D8
:109D0000580000002E00FFFF0020202020202020EF
:109D1000202028282828282020202020202020201B
:109D2000202020202020202020881010101010102B
:109D30001010101010101010100404040404040477
:109D40000404041010101010101041414141414111
:109D500001010101010101010101010101010101F3
:109D60000101010110101010101042424242424203
:109D700002020202020202020202020202020202C3
:109D8000020202021010101020000000000000006B
:109D900000000000000000000000000000000000C3
:109DA00000000000000000000000000000000000B3
:109DB00000000000000000000000000000000000A3
:109DC0000000000000000000000000000000000093
:109DD0000000000000000000000000000000000083
:109DE0000000000000000000000000000000000073
:109DF0000000000000000000000000000000000063
:109E0000000000000000000000FFFFFFFFFFFFFF59
:109E1000000000000000F03F0000000000002440AF
:109E200000000000000059400000000000408F408A
:109E3000000000000088C34000000000006AF840F5
:109E40000000000080842E4100000000D012634119
:109E50000000000084D797410000000065CDCD418F
:109E6000000000205FA00242000000E87648374270
:109E7000000000A2941A6D42000040E59C30A2420E
:109E80000000901EC4BCD64200003426F56B0C4383
:109E90000080E03779C3414300A0D885573476432A
:109EA00000C84E676DC1AB43003D9160E458E1438B
:109EB000408CB5781DAF154450EFE2D6E41A4B4400
:109EC00092D54D06CFF08044F64AE1C7022DB54445
:109ED000B49DD9794378EA440080E03779C341439F
:109EE000176E05B5B5B89346F5F93FE9034F384D00
:109EF000321D30F94877825A3CBF737FDD4F1575AC
:109F000005000000190000007D000000496E666930
:109F10006E697479000000004E614E003000FFFF52
:109F20003030303030303030303030303030303031
:109F3000494E4600696E66004E414E006E616E00ED
:109F4000303132333435363738394142434445466F
:109F50000000000030313233343536373839616231
:109F60006364656600000000286E756C6C29000053
:109F700020202020202020202020202020202020E1
:109F8000F8B500BFF8BC08BC9E467047AD6600003F
:109F90003504000081060000C90A0000E10A000043
:109FA000110B0000290B0000410B0000590B0000B1
:109FB000710B0000890B0000090F0000210F000049
:109FC000390F0000510F0000690F0000810F0000E1
:089FD000F1100000651800000B
:049FD800F8B500BF19
:089FDC0014B6FF7F0100000034
:109FE40000000000100342006F0061007200640072
:109FF4003000320000C0024034990000000000002C
:10A00400000000000000000000000000000000004C
:10A01400000000000000000000000000000000003C
:10A02400000000000000000000000000000000002C
:10A0340000000000FFFFFFFF489A0000000000003E
:10A04400E80300000000000000600E40209A0000B9
:10A0540000000000000000000000000000000000FC
:10A0640000000000000000000000000000000000EC
:10A0740000000000000000000000000000000000DC
:10A0840000000000000000000000000000000000CC
:10A0940000000000000000000000000000000000BC
:10A0A40000000000489A000000000000E8030000DF
:10A0B4000000000000600640E0990000000000007D
:10A0C400000000000000000000000000000000008C
:10A0D400000000000000000000000000000000007C
:10A0E400000000000000000000000000000000006C
:10A0F400000000000000000000000000000000005C
:10A10400000000000000000000000000000000004B
:10A11400489A000000000000E8030000000000006E
:10A1240000700640009A00000000000000000000DB
:10A13400000000000000000000000000000000001B
:10A14400000000000000000000000000000000000B
:10A1540000000000000000000000000000000000FB
:10A1640000000000000000000000000000000000EB
:10A174000000000000000000000000000A040000CD
:10A184007033FF1FFFFFFFFF8887070B00000000ED
:10A1940000000000FF07000005000000789C00009C
:10A1A40000000000E80300000000000012010101AB
:10A1B40000000040C016D2040002010203010000A6
:10A1C40018035400650065006E0073007900640094
:10A1D400750069006E006F0009020B01050100C0E3
:10A1E40032080B0002020201040904000001020209
:10A1F40001000524001001052401010104240206C4
:10A20400052406000107058103100040090401002C
:10A21400020A00000007050202400000070583024D
:10A22400400000080B0203010100000904020000C1
:10A23400010100000A240100013E000203040C2471
:10A2440002010206000203000000092403020101C6
:10A254000001000C24020301010002030000000AB3
:10A26400240631030101020200092403040206004A
:10A274003100090403000001020000090403010184
:10A2840001020000072401020301000B2402010261
:10A2940002100144AC0009058409B4000100000760
:10A2A4002501000000000904040000010200000967
:10A2B4000404010201020000072401030301000B4E
:10A2C4002402010202100144AC0009050505B40092
:10A2D400010086072501000000000905861103001E
:10A2E40001050000040309040C0300000000000041
:10A2F400000000000000000000000000000000005A
:10A3040000000000BC23FF1F2424FF1F8C24FF1F18
:10A314000000000000000000000000000000000039
:10A324000000000000000000000000000000000029
:10A334000000000000000000000000000000000019
:10A344000000000000000000000000000000000009
:10A3540000000000000000000000000000000000F9
:10A3640000000000000000000000000000000000E9
:10A3740000000000000000000000000000000000D9
:10A3840000000000000000000000000000000000C9
:10A3940000000000000000000000000000000000B9
:10A3A40000000000000000000100000000000000A8
:10A3B4000E33CDAB34126DE6ECDE05000B0000006D
:10A3C4000000000000000000000000000000000089
:10A3D4000000000000000000000000000000000079
:10A3E4000000000000000000000000000000000069
:10A3F4000000000000000000000000000000000059
:10A404000000000000000000000000000000000048
:10A414000000000000000000000000000000000038
:10A424000000000000000000000000000000000028
:10A434000000000000000000000000000000000018
:10A444000000000000000000000000000000000008
:10A4540000000000000000000000000000000000F8
:10A4640000000000000000000000000000000000E8
:10A4740000000000000000000000000000000000D8
:10A4840000000000000000000000000000000000C8
:10A4940000000000000000000000000000000000B8
:10A4A40000000000000000000000000000000000A8
:10A4B4000000000000000000000000000000000098
:10A4C4000000000000000000000000000000000088
:10A4D4000000000000000000000000000000000078
:10A4E4000000000000000000000000000000000068
:10A4F4000000000000000000000000000000000058
:10A504000000000000000000000000000000000047
:10A514000000000000000000000000000000000037
:10A524000000000000000000000000000000000027
:10A534000000000000000000000000000000000017
:10A544000000000000000000000000000000000007
:10A5540000000000000000000000000000000000F7
:10A5640000000000000000000000000000000000E7
:10A5740000000000000000000000000000000000D7
:10A5840000000000000000000000000000000000C7
:10A5940000000000000000000000000000000000B7
:10A5A40000000000000000000000000000000000A7
:10A5B4000000000000000000000000000000000097
:10A5C4000000000000000000000000000000000087
:10A5D4000000000000000000000000000000000077
:10A5E4000000000000000000000000000000000067
:10A5F4000000000000000000000000000000000057
:10A604000000000000000000000000000000000046
:10A614000000000000000000000000000000000036
:10A624000000000000000000000000000000000026
:10A634000000000000000000000000000000000016
:10A644000000000000000000000000000000000006
:10A6540000000000000000000000000000000000F6
:10A6640000000000000000000000000000000000E6
:10A6740000000000000000000000000000000000D6
:10A6840000000000000000000000000000000000C6
:10A6940000000000000000000000000000000000B6
:10A6A40000000000000000000000000000000000A6
:10A6B4000000000000000000000000000000000096
:10A6C4000000000000000000000000000000000086
:10A6D4000000000000000000000000000000000076
:10A6E4000000000000000000000000000000000066
:10A6F4000000000000000000000000000000000056
:10A704000000000000000000000000000000000045
:10A714000000000000000000000000000000000035
:10A724000000000000000000D020FF1F43000000D4
:10A734000000000000000000000000000000000015
:10A7440000000000000000000000000043000000C2
:10A7540000000000000000000000000000000000F5
:10A7640000000000000000000000000043000000A2
:10A7740000000000000000000000000000000000D5
:10A784000000000000000000000000004300000082
:10A7940000000000000000000000000000000000B5
:10A7A4000000000000000000000000004300000062
:10A7B4000000000000000000000000000000000095
:10A7C4000000000000000000000000004300000042
:10A7D4000000000000000000000000000000000075
:10A7E4000000000000000000000000004300000022
:10A7F4000000000000000000000000000000000055
:10A80400000000000000000000000000C16500001E
:10A81400CD5E000000000000089D0000049D0000C3
:10A82400509F0000509F0000509F0000509F000068
:10A83400509F0000509F0000509F0000509F000058
:10A84400509F0000FFFFFFFFFFFFFFFFFFFFFFFF21
:10A85400FFFF00000100415343494900000000008C
:10A8640000000000000000000000000000000000E4
:10A87400000000000000415343494900000000006B
:10A8840000000000000000000000000000000000C4
:10A8940000000000000000000000000000000000B4
:10A8A4006826FF1F6826FF1F7026FF1F7026FF1FE4
:10A8B4007826FF1F7826FF1F8026FF1F8026FF1F94
:10A8C4008826FF1F8826FF1F9026FF1F9026FF1F44
:10A8D4009826FF1F9826FF1FA026FF1FA026FF1FF4
:10A8E400A826FF1FA826FF1FB026FF1FB026FF1FA4
:10A8F400B826FF1FB826FF1FC026FF1FC026FF1F54
:10A90400C826FF1FC826FF1FD026FF1FD026FF1F03
:10A91400D826FF1FD826FF1FE026FF1FE026FF1FB3
:10A92400E826FF1FE826FF1FF026FF1FF026FF1F63
:10A93400F826FF1FF826FF1F0027FF1F0027FF1F11
:10A944000827FF1F0827FF1F1027FF1F1027FF1FBF
:10A954001827FF1F1827FF1F2027FF1F2027FF1F6F
:10A964002827FF1F2827FF1F3027FF1F3027FF1F1F
:10A974003827FF1F3827FF1F4027FF1F4027FF1FCF
:10A984004827FF1F4827FF1F5027FF1F5027FF1F7F
:10A994005827FF1F5827FF1F6027FF1F6027FF1F2F
:10A9A4006827FF1F6827FF1F7027FF1F7027FF1FDF
:10A9B4007827FF1F7827FF1F8027FF1F8027FF1F8F
:10A9C4008827FF1F8827FF1F9027FF1F9027FF1F3F
:10A9D4009827FF1F9827FF1FA027FF1FA027FF1FEF
:10A9E400A827FF1FA827FF1FB027FF1FB027FF1F9F
:10A9F400B827FF1FB827FF1FC027FF1FC027FF1F4F
:10AA0400C827FF1FC827FF1FD027FF1FD027FF1FFE
:10AA1400D827FF1FD827FF1FE027FF1FE027FF1FAE
:10AA2400E827FF1FE827FF1FF027FF1FF027FF1F5E
:10AA3400F827FF1FF827FF1F0028FF1F0028FF1F0C
:10AA44000828FF1F0828FF1F1028FF1F1028FF1FBA
:10AA54001828FF1F1828FF1F2028FF1F2028FF1F6A
:10AA64002828FF1F2828FF1F3028FF1F3028FF1F1A
:10AA74003828FF1F3828FF1F4028FF1F4028FF1FCA
:10AA84004828FF1F4828FF1F5028FF1F5028FF1F7A
:10AA94005828FF1F5828FF1F6028FF1F6028FF1F2A
:10AAA4006828FF1F6828FF1F7028FF1F7028FF1FDA
:10AAB4007828FF1F7828FF1F8028FF1F8028FF1F8A
:10AAC4008828FF1F8828FF1F9028FF1F9028FF1F3A
:10AAD4009828FF1F9828FF1FA028FF1FA028FF1FEA
:10AAE400A828FF1FA828FF1FB028FF1FB028FF1F9A
:10AAF400B828FF1FB828FF1FC028FF1FC028FF1F4A
:10AB0400C828FF1FC828FF1FD028FF1FD028FF1FF9
:10AB1400D828FF1FD828FF1FE028FF1FE028FF1FA9
:10AB2400E828FF1FE828FF1FF028FF1FF028FF1F59
:10AB3400F828FF1FF828FF1F0029FF1F0029FF1F07
:10AB44000829FF1F0829FF1F1029FF1F1029FF1FB5
:10AB54001829FF1F1829FF1F2029FF1F2029FF1F65
:10AB64002829FF1F2829FF1F3029FF1F3029FF1F15
:10AB74003829FF1F3829FF1F4029FF1F4029FF1FC5
:10AB84004829FF1F4829FF1F5029FF1F5029FF1F75
:10AB94005829FF1F5829FF1F6029FF1F6029FF1F25
:10ABA4006829FF1F6829FF1F7029FF1F7029FF1FD5
:10ABB4007829FF1F7829FF1F8029FF1F8029FF1F85
:10ABC4008829FF1F8829FF1F9029FF1F9029FF1F35
:10ABD4009829FF1F9829FF1FA029FF1FA029FF1FE5
:10ABE400A829FF1FA829FF1FB029FF1FB029FF1F95
:10ABF400B829FF1FB829FF1FC029FF1FC029FF1F45
:10AC0400C829FF1FC829FF1FD029FF1FD029FF1FF4
:10AC1400D829FF1FD829FF1FE029FF1FE029FF1FA4
:10AC2400E829FF1FE829FF1FF029FF1FF029FF1F54
:10AC3400F829FF1FF829FF1F002AFF1F002AFF1F02
:10AC4400082AFF1F082AFF1F102AFF1F102AFF1FB0
:10AC5400182AFF1F182AFF1F202AFF1F202AFF1F60
:10AC6400282AFF1F282AFF1F302AFF1F302AFF1F10
:10AC7400382AFF1F382AFF1F402AFF1F402AFF1FC0
:10AC8400482AFF1F482AFF1F502AFF1F502AFF1F70
:10AC9400582AFF1F582AFF1F602AFF1F602AFF1F20
:08ACA40000000200FFFFFFFFAA
:00000001FF
